threshold,country,year_dropped_below,avg_tfr_after_cross,min_tfr,min_tfr_year,subsequent_peak_tfr,subsequent_peak_tfr_year,avg_tfr_after_min,avg_tfr_period
1.1,China,2022,1.016,0.999,2023,1.034,2022,,
1.1,Hong Kong,1998,1.021,0.708,2022,1.265,2013,0.717,2023-2023
1.1,Puerto Rico,2018,0.961,0.934,2020,1.026,2018,0.942,2021-2023
1.1,Singapore,2003,0.991,0.934,2010,1.081,2003,0.959,2011-2023
1.1,South Korea,2017,0.852,0.72,2023,1.035,2017,,
1.1,Taiwan,2008,1.051,0.87,2022,1.188,2012,0.87,2023-2023
1.1,Ukraine,2001,1.285,0.897,2022,1.528,2012,0.977,2023-2023
1.2,Belarus,2003,1.446,1.192,2003,1.728,2015,1.459,2004-2023
1.2,Bosnia and Herzegovina,2006,1.344,1.18,2006,1.515,2020,1.354,2007-2023
1.2,Bulgaria,1997,1.455,1.113,1997,1.767,2022,1.468,1998-2023
1.2,Chile,2021,1.199,1.167,2023,1.255,2022,,
1.2,China,2021,1.05,0.999,2023,1.117,2021,,
1.2,Czechia,1996,1.43,1.136,1999,1.823,2021,1.475,2000-2023
1.2,Hong Kong,1997,1.025,0.708,2022,1.265,2013,0.717,2023-2023
1.2,Italy,1995,1.306,1.188,1995,1.443,2010,1.31,1996-2023
1.2,Latvia,1996,1.427,1.104,1998,1.742,2016,1.463,1999-2023
1.2,Puerto Rico,2017,0.985,0.934,2020,1.133,2017,0.942,2021-2023
1.2,Russia,1999,1.49,1.183,1999,1.79,2015,1.503,2000-2023
1.2,Singapore,2001,1.007,0.934,2010,1.186,2001,0.959,2011-2023
1.2,Slovakia,2002,1.415,1.185,2002,1.631,2021,1.426,2003-2023
1.2,South Korea,2003,1.08,0.72,2023,1.274,2012,,
1.2,Spain,1994,1.266,1.131,1998,1.436,2008,1.289,1999-2023
1.2,Taiwan,2004,1.068,0.87,2022,1.188,2012,0.87,2023-2023
1.2,Ukraine,1999,1.271,0.897,2022,1.528,2012,0.977,2023-2023
1.2,United Arab Emirates,2021,1.17,1.148,2022,1.2,2023,1.2,2023-2023
1.3,Belarus,1997,1.401,1.192,2003,1.728,2015,1.459,2004-2023
1.3,Bosnia and Herzegovina,2000,1.316,1.18,2006,1.515,2020,1.354,2007-2023
1.3,Bulgaria,1995,1.44,1.113,1997,1.767,2022,1.468,1998-2023
1.3,Chile,2021,1.199,1.167,2023,1.255,2022,,
1.3,China,2020,1.096,0.999,2023,1.236,2020,,
1.3,Czechia,1995,1.425,1.136,1999,1.823,2021,1.475,2000-2023
1.3,Estonia,1998,1.524,1.272,1998,1.719,2008,1.534,1999-2023
1.3,Finland,2023,1.28,1.28,2023,1.28,2023,,
1.3,Germany,1993,1.41,1.254,1994,1.591,2016,1.419,1995-2023
1.3,Greece,2013,1.345,1.292,2013,1.432,2021,1.35,2014-2023
1.3,Hong Kong,1990,1.084,0.708,2022,1.368,1994,0.717,2023-2023
1.3,Hungary,1999,1.392,1.25,2011,1.605,2021,1.489,2012-2023
1.3,Italy,1992,1.301,1.188,1995,1.443,2010,1.31,1996-2023
1.3,Japan,2003,1.328,1.208,2023,1.415,2015,,
1.3,Latvia,1995,1.421,1.104,1998,1.742,2016,1.463,1999-2023
1.3,Lithuania,2001,1.452,1.201,2023,1.705,2015,,
1.3,Mauritius,2022,1.256,1.241,2023,1.27,2022,,
1.3,Poland,2002,1.333,1.225,2003,1.472,2017,1.343,2004-2023
1.3,Portugal,2012,1.357,1.213,2013,1.508,2023,1.379,2014-2023
1.3,Puerto Rico,2016,1.02,0.934,2020,1.264,2016,0.942,2021-2023
1.3,Romania,2001,1.551,1.27,2002,1.77,2017,1.577,2003-2023
1.3,Russia,1996,1.465,1.183,1999,1.79,2015,1.503,2000-2023
1.3,Singapore,1998,1.039,0.934,2010,1.342,2000,0.959,2011-2023
1.3,Slovakia,2000,1.401,1.185,2002,1.631,2021,1.426,2003-2023
1.3,Slovenia,1995,1.437,1.203,2003,1.64,2021,1.527,2004-2023
1.3,South Korea,2002,1.086,0.72,2023,1.274,2012,,
1.3,Spain,1993,1.265,1.131,1998,1.436,2008,1.289,1999-2023
1.3,Taiwan,2003,1.077,0.87,2022,1.248,2003,0.87,2023-2023
1.3,Thailand,2019,1.242,1.212,2023,1.285,2019,,
1.3,Ukraine,1997,1.269,0.897,2022,1.528,2012,0.977,2023-2023
1.3,United Arab Emirates,2018,1.222,1.148,2022,1.289,2020,1.2,2023-2023
1.4,Albania,2019,1.367,1.348,2023,1.395,2019,,
1.4,Austria,1997,1.419,1.317,2023,1.531,2016,,
1.4,Belarus,1995,1.397,1.192,2003,1.728,2015,1.459,2004-2023
1.4,Belgium,2023,1.379,1.379,2023,1.379,2023,,
1.4,Bosnia and Herzegovina,1999,1.318,1.18,2006,1.515,2020,1.354,2007-2023
1.4,Bulgaria,1994,1.438,1.113,1997,1.767,2022,1.468,1998-2023
1.4,Canada,2022,1.357,1.349,2023,1.366,2022,,
1.4,Chile,2020,1.226,1.167,2023,1.307,2020,,
1.4,China,2020,1.096,0.999,2023,1.236,2020,,
1.4,Costa Rica,2021,1.339,1.33,2023,1.353,2021,,
1.4,Cyprus,2011,1.35,1.304,2013,1.393,2022,1.35,2014-2023
1.4,Czechia,1995,1.425,1.136,1999,1.823,2021,1.475,2000-2023
1.4,Denmark,1983,1.697,1.378,1983,1.88,2008,1.705,1984-2023
1.4,Estonia,1995,1.506,1.272,1998,1.719,2008,1.534,1999-2023
1.4,Finland,2019,1.357,1.28,2023,1.461,2021,,
1.4,Germany,1984,1.408,1.254,1994,1.591,2016,1.419,1995-2023
1.4,Greece,1995,1.367,1.292,2013,1.507,2009,1.35,2014-2023
1.4,Hong Kong,1986,1.113,0.708,2022,1.403,1988,0.717,2023-2023
1.4,Hungary,1997,1.389,1.25,2011,1.605,2021,1.489,2012-2023
1.4,Italy,1986,1.306,1.188,1995,1.443,2010,1.31,1996-2023
1.4,Jamaica,2019,1.376,1.358,2023,1.39,2019,,
1.4,Japan,1997,1.332,1.208,2023,1.415,2015,,
1.4,Latvia,1994,1.42,1.104,1998,1.742,2016,1.463,1999-2023
1.4,Lithuania,2000,1.449,1.201,2023,1.705,2015,,
1.4,Mauritius,2014,1.34,1.241,2023,1.395,2017,,
1.4,Poland,1999,1.335,1.225,2003,1.472,2017,1.343,2004-2023
1.4,Portugal,2006,1.359,1.213,2013,1.508,2023,1.379,2014-2023
1.4,Puerto Rico,2015,1.057,0.934,2020,1.35,2015,0.942,2021-2023
1.4,Romania,1995,1.501,1.27,2002,1.77,2017,1.577,2003-2023
1.4,Russia,1993,1.457,1.183,1999,1.79,2015,1.503,2000-2023
1.4,Serbia,1997,1.413,1.316,2007,1.519,2022,1.454,2008-2023
1.4,Singapore,1986,1.181,0.934,2010,1.75,1988,0.959,2011-2023
1.4,Slovakia,1998,1.398,1.185,2002,1.631,2021,1.426,2003-2023
1.4,Slovenia,1992,1.426,1.203,2003,1.64,2021,1.527,2004-2023
1.4,South Korea,2001,1.097,0.72,2023,1.342,2001,,
1.4,Spain,1989,1.275,1.131,1998,1.436,2008,1.289,1999-2023
1.4,Switzerland,2001,1.471,1.382,2003,1.54,2016,1.484,2004-2023
1.4,Taiwan,2002,1.088,0.87,2022,1.327,2002,0.87,2023-2023
1.4,Thailand,2017,1.271,1.212,2023,1.363,2017,,
1.4,Ukraine,1995,1.276,0.897,2022,1.528,2012,0.977,2023-2023
1.4,United Arab Emirates,2016,1.256,1.148,2022,1.366,2016,1.2,2023-2023
1.5,Albania,2017,1.391,1.348,2023,1.486,2017,,
1.5,Argentina,2022,1.491,1.482,2022,1.5,2023,1.5,2023-2023
1.5,Armenia,2000,1.574,1.402,2001,1.719,2022,1.587,2002-2023
1.5,Austria,1985,1.435,1.317,2023,1.531,2016,,
1.5,Belarus,1994,1.4,1.192,2003,1.728,2015,1.459,2004-2023
1.5,Belgium,2023,1.379,1.379,2023,1.379,2023,,
1.5,Bosnia and Herzegovina,1999,1.318,1.18,2006,1.515,2020,1.354,2007-2023
1.5,Bulgaria,1993,1.439,1.113,1997,1.767,2022,1.468,1998-2023
1.5,Canada,2019,1.407,1.349,2023,1.476,2019,,
1.5,Chile,2019,1.267,1.167,2023,1.43,2019,,
1.5,China,2019,1.176,0.999,2023,1.496,2019,,
1.5,Costa Rica,2020,1.367,1.33,2023,1.448,2020,,
1.5,Croatia,1992,1.496,1.403,2015,1.685,1997,1.487,2016-2023
1.5,Cuba,1993,1.566,1.402,2006,1.734,2011,1.581,2007-2023
1.5,Cyprus,2002,1.404,1.304,2013,1.512,2004,1.35,2014-2023
1.5,Czechia,1994,1.425,1.136,1999,1.823,2021,1.475,2000-2023
1.5,Denmark,1981,1.685,1.378,1983,1.88,2008,1.705,1984-2023
1.5,Estonia,1993,1.502,1.272,1998,1.719,2008,1.534,1999-2023
1.5,Finland,2017,1.383,1.28,2023,1.487,2017,,
1.5,Germany,1975,1.424,1.254,1994,1.591,2016,1.419,1995-2023
1.5,Greece,1989,1.381,1.292,2013,1.507,2009,1.35,2014-2023
1.5,Hong Kong,1986,1.113,0.708,2022,1.403,1988,0.717,2023-2023
1.5,Hungary,1996,1.391,1.25,2011,1.605,2021,1.489,2012-2023
1.5,Italy,1984,1.313,1.188,1995,1.458,1984,1.31,1996-2023
1.5,Jamaica,2016,1.397,1.358,2023,1.464,2016,,
1.5,Japan,1992,1.348,1.208,2023,1.478,1992,,
1.5,Latvia,1994,1.42,1.104,1998,1.742,2016,1.463,1999-2023
1.5,Lithuania,1996,1.452,1.201,2023,1.705,2015,,
1.5,Mauritius,2010,1.377,1.241,2023,1.495,2010,,
1.5,Moldova,2000,1.667,1.448,2002,1.89,2016,1.694,2003-2023
1.5,Netherlands,1982,1.623,1.43,2023,1.787,2010,,
1.5,North Macedonia,2005,1.641,1.465,2023,1.786,2016,,
1.5,Norway,2020,1.466,1.405,2023,1.56,2021,,
1.5,Poland,1998,1.339,1.225,2003,1.472,2017,1.343,2004-2023
1.5,Portugal,1994,1.397,1.213,2013,1.538,2000,1.379,2014-2023
1.5,Puerto Rico,2013,1.129,0.934,2020,1.473,2013,0.942,2021-2023
1.5,Romania,1993,1.496,1.27,2002,1.77,2017,1.577,2003-2023
1.5,Russia,1993,1.457,1.183,1999,1.79,2015,1.503,2000-2023
1.5,Serbia,1995,1.416,1.316,2007,1.519,2022,1.454,2008-2023
1.5,Singapore,1986,1.181,0.934,2010,1.75,1988,0.959,2011-2023
1.5,Slovakia,1996,1.401,1.185,2002,1.631,2021,1.426,2003-2023
1.5,Slovenia,1990,1.427,1.203,2003,1.64,2021,1.527,2004-2023
1.5,South Korea,1998,1.141,0.72,2023,1.497,1998,,
1.5,Spain,1987,1.285,1.131,1998,1.492,1987,1.289,1999-2023
1.5,Sweden,2023,1.43,1.43,2023,1.43,2023,,
1.5,Switzerland,1994,1.474,1.382,2003,1.54,2016,1.484,2004-2023
1.5,Taiwan,2000,1.117,0.87,2022,1.472,2000,0.87,2023-2023
1.5,Thailand,2014,1.323,1.212,2023,1.484,2014,,
1.5,Ukraine,1994,1.282,0.897,2022,1.528,2012,0.977,2023-2023
1.5,United Arab Emirates,2014,1.295,1.148,2022,1.483,2014,1.2,2023-2023
1.5,Uruguay,2020,1.444,1.409,2023,1.497,2020,,
