birth_year,16,17,18,19,20,21,22,23,24,25,26,27,28,29,30,31,32,33,34,35,36,37,38,39,40,41,42,43,44
1920,0.0,0.01,0.0202020202020202,0.04123711340206186,0.04301075268817204,0.06741573033707866,0.09638554216867469,0.09333333333333334,0.11764705882352945,0.08333333333333331,0.14545454545454548,0.14893617021276587,0.10000000000000009,0.08333333333333341,0.09090909090909066,0.06666666666666672,0.07142857142857148,0.03846153846153849,0.040000000000000036,0.041666666666666706,0.0,0.04347826086956526,0.0,0.0454545454545455,0.0,0.0,0.0,0.0,0.0
1921,0.0,0.01,0.0202020202020202,0.04123711340206186,0.05376344086021505,0.06818181818181818,0.09756097560975611,0.10810810810810813,0.106060606060606,0.13559322033898305,0.17647058823529405,0.11904761904761914,0.10810810810810821,0.09090909090909066,0.10000000000000007,0.07407407407407414,0.08000000000000007,0.04347826086956526,0.0454545454545455,0.04761904761904767,0.0,0.05000000000000006,0.0,0.0,0.0526315789473679,0.0,0.0,0.0,0.0
1922,0.0,0.01,0.0202020202020202,0.030927835051546393,0.06382978723404255,0.07954545454545456,0.09876543209876544,0.09589041095890412,0.13636363636363633,0.15789473684210528,0.12499999999999989,0.11904761904761914,0.10810810810810821,0.09090909090909066,0.10000000000000007,0.07407407407407414,0.040000000000000036,0.08333333333333341,0.0454545454545455,0.0,0.04761904761904767,0.05000000000000006,0.0,0.0,0.0526315789473679,0.0,0.0,0.0,0.0
1923,0.0,0.01,0.0202020202020202,0.030927835051546393,0.06382978723404255,0.07954545454545456,0.09876543209876544,0.12328767123287668,0.17187499999999997,0.13207547169811332,0.13043478260869554,0.10000000000000009,0.11111111111111122,0.09374999999999975,0.10344827586206905,0.07692307692307698,0.08333333333333341,0.0454545454545455,0.04761904761904767,0.05000000000000006,0.0526315789473679,0.0,0.05555555555555559,0.0,0.0,0.0,0.0,0.0,0.0
1924,0.0,0.01,0.0202020202020202,0.04123711340206186,0.05376344086021505,0.07954545454545456,0.11111111111111113,0.16666666666666666,0.13333333333333328,0.13461538461538472,0.11111111111111098,0.1250000000000001,0.0857142857142858,0.12499999999999978,0.07142857142857148,0.07692307692307698,0.08333333333333341,0.0454545454545455,0.04761904761904767,0.05000000000000006,0.0526315789473679,0.0,0.05555555555555559,0.0,0.0,0.0,0.0,0.0,0.0
1925,0.0,0.01,0.0202020202020202,0.04123711340206186,0.05376344086021505,0.09090909090909093,0.13749999999999998,0.1304347826086957,0.13333333333333328,0.11538461538461549,0.13043478260869554,0.10000000000000009,0.11111111111111122,0.09374999999999975,0.10344827586206905,0.07692307692307698,0.08333333333333341,0.0454545454545455,0.04761904761904767,0.05000000000000006,0.0526315789473679,0.0,0.0,0.05555555555555559,0.0,0.0,0.0,0.0,0.0
1926,0.0,0.01,0.0202020202020202,0.04123711340206186,0.06451612903225806,0.1149425287356322,0.11688311688311688,0.13235294117647056,0.11864406779661016,0.11538461538461549,0.13043478260869554,0.1250000000000001,0.0857142857142858,0.12499999999999978,0.07142857142857148,0.11538461538461549,0.04347826086956526,0.090909090909091,0.05000000000000006,0.0526315789473679,0.0,0.05555555555555559,0.0,0.0,0.0,0.05882352941176475,0.0,0.0,0.0
1927,0.0,0.01,0.0202020202020202,0.04123711340206186,0.08602150537634408,0.10588235294117647,0.11842105263157898,0.11940298507462682,0.11864406779661016,0.11538461538461549,0.13043478260869554,0.1250000000000001,0.11428571428571407,0.09677419354838716,0.10714285714285723,0.08000000000000007,0.08695652173913052,0.04761904761904767,0.05000000000000006,0.0526315789473679,0.05555555555555559,0.0,0.0,0.05882352941176475,0.0,0.0,0.0,0.0,0.0
1928,0.0,0.01,0.030303030303030304,0.04166666666666667,0.07608695652173912,0.10588235294117647,0.11842105263157898,0.11940298507462682,0.11864406779661016,0.13461538461538472,0.13333333333333322,0.10256410256410266,0.11428571428571407,0.1290322580645162,0.1111111111111112,0.08333333333333341,0.090909090909091,0.05000000000000006,0.0526315789473679,0.05555555555555559,0.05882352941176475,0.0,0.0,0.06250000000000004,0.0,0.0,0.0,0.0,0.0
1929,0.0,0.01,0.030303030303030304,0.05208333333333333,0.07692307692307693,0.09523809523809523,0.10526315789473686,0.11764705882352945,0.13333333333333328,0.13461538461538472,0.13333333333333322,0.10256410256410266,0.14285714285714268,0.10000000000000007,0.1111111111111112,0.08333333333333341,0.090909090909091,0.05000000000000006,0.0526315789473679,0.05555555555555559,0.05882352941176475,0.0,0.0,0.06250000000000004,0.0,0.0,0.0,0.0,0.0
1930,0.0,0.01,0.030303030303030304,0.05208333333333333,0.07692307692307693,0.09523809523809523,0.11842105263157898,0.11940298507462682,0.13559322033898305,0.13725490196078444,0.13636363636363624,0.13157894736842116,0.121212121212121,0.13793103448275873,0.1200000000000001,0.090909090909091,0.09999999999999956,0.05555555555555559,0.05882352941176475,0.06250000000000004,0.0,0.06666666666666672,0.0,0.0,0.0,0.07142857142857148,0.0,0.0,0.0
1931,0.0,0.02,0.020408163265306124,0.05208333333333333,0.07692307692307693,0.09523809523809523,0.11842105263157898,0.11940298507462682,0.13559322033898305,0.13725490196078444,0.13636363636363624,0.1578947368421054,0.12499999999999978,0.10714285714285723,0.1200000000000001,0.090909090909091,0.09999999999999956,0.05555555555555559,0.05882352941176475,0.0,0.06250000000000004,0.0,0.06666666666666672,0.0,0.0,0.0,0.0,0.0,0.0
1932,0.0,0.02,0.020408163265306124,0.05208333333333333,0.07692307692307693,0.09523809523809523,0.11842105263157898,0.11940298507462682,0.15254237288135594,0.1399999999999999,0.13953488372093034,0.13513513513513525,0.12499999999999978,0.10714285714285723,0.1200000000000001,0.090909090909091,0.09999999999999956,0.05555555555555559,0.05882352941176475,0.0,0.06250000000000004,0.0,0.06666666666666672,0.0,0.0,0.0,0.0,0.0,0.0
1933,0.0,0.02,0.020408163265306124,0.05208333333333333,0.07692307692307693,0.10714285714285714,0.12000000000000004,0.13636363636363633,0.14035087719298248,0.1632653061224489,0.14634146341463428,0.14285714285714268,0.13333333333333344,0.11538461538461549,0.1304347826086958,0.09999999999999956,0.05555555555555559,0.05882352941176475,0.06250000000000004,0.06666666666666672,0.0,0.0,0.07142857142857148,0.0,0.0,0.0,0.0,0.0,0.0
1934,0.0,0.02,0.020408163265306124,0.05208333333333333,0.08791208791208793,0.09638554216867469,0.1333333333333333,0.15384615384615388,0.14545454545454548,0.17021276595744672,0.15384615384615397,0.15151515151515133,0.14285714285714296,0.1250000000000001,0.1428571428571425,0.11111111111111117,0.06250000000000004,0.06666666666666672,0.07142857142857148,0.0,0.07692307692307698,0.0,0.0,0.0,0.0,0.08333333333333341,0.0,0.0,0.0
1935,0.0,0.02,0.020408163265306124,0.05208333333333333,0.08791208791208793,0.10843373493975904,0.13513513513513511,0.14062500000000003,0.16363636363636366,0.15217391304347816,0.15384615384615397,0.15151515151515133,0.14285714285714296,0.16666666666666682,0.09999999999999956,0.11111111111111117,0.06250000000000004,0.06666666666666672,0.0,0.07142857142857148,0.0,0.07692307692307698,0.0,0.0,0.0,0.0,0.0,0.0,0.0
1936,0.0,0.02,0.030612244897959186,0.052631578947368425,0.08888888888888888,0.10975609756097564,0.13698630136986298,0.1428571428571429,0.14814814814814817,0.1739130434782608,0.1578947368421054,0.1562499999999998,0.14814814814814828,0.1304347826086958,0.09999999999999956,0.11111111111111117,0.06250000000000004,0.06666666666666672,0.0,0.07142857142857148,0.0,0.07692307692307698,0.0,0.0,0.0,0.0,0.0,0.0,0.0
1937,0.0,0.02,0.030612244897959186,0.052631578947368425,0.08888888888888888,0.12195121951219515,0.13888888888888887,0.1451612903225806,0.15094339622641523,0.15555555555555547,0.18421052631578935,0.1290322580645162,0.14814814814814828,0.1304347826086958,0.09999999999999956,0.05555555555555559,0.1176470588235295,0.0,0.06666666666666672,0.07142857142857148,0.0,0.0,0.0,0.07692307692307698,0.0,0.0,0.0,0.0,0.0
1938,0.0,0.02,0.030612244897959186,0.06315789473684211,0.10112359550561799,0.11249999999999996,0.14084507042253527,0.14754098360655732,0.17307692307692302,0.16279069767441873,0.16666666666666652,0.1666666666666668,0.1200000000000001,0.1363636363636365,0.10526315789473638,0.05882352941176475,0.06250000000000004,0.06666666666666672,0.07142857142857148,0.0,0.07692307692307698,0.0,0.0,0.0,0.0,0.0,0.08333333333333341,0.0,0.0
1939,0.0,0.02,0.04081632653061224,0.06382978723404255,0.10227272727272727,0.11392405063291139,0.1428571428571429,0.16666666666666663,0.15999999999999992,0.1666666666666668,0.17142857142857126,0.13793103448275873,0.16000000000000014,0.09523809523809534,0.10526315789473638,0.05882352941176475,0.06250000000000004,0.06666666666666672,0.07142857142857148,0.0,0.07692307692307698,0.0,0.0,0.0,0.0,0.0,0.0,0.0,0.0
1940,0.01,0.010101010101010102,0.05102040816326531,0.06451612903225806,0.10344827586206896,0.11538461538461538,0.15942028985507245,0.15517241379310348,0.1632653061224489,0.17073170731707332,0.17647058823529396,0.14285714285714296,0.1250000000000001,0.1428571428571425,0.05555555555555559,0.1176470588235295,0.06666666666666672,0.07142857142857148,0.0,0.07692307692307698,0.0,0.0,0.0,0.08333333333333341,0.0,0.0,0.0,0.0,0.0
1941,0.01,0.0202020202020202,0.04123711340206186,0.07526881720430109,0.10465116279069767,0.12987012987012989,0.14925373134328357,0.15789473684210528,0.1666666666666666,0.17500000000000016,0.18181818181818166,0.14814814814814828,0.1304347826086958,0.09999999999999956,0.11111111111111117,0.06250000000000004,0.06666666666666672,0.07142857142857148,0.07692307692307698,0.0,0.0,0.08333333333333341,0.0,0.0,0.0,0.0,0.0,0.0,0.0
1942,0.01,0.0202020202020202,0.04123711340206186,0.07526881720430109,0.10465116279069767,0.12987012987012989,0.14925373134328357,0.15789473684210528,0.1666666666666666,0.15000000000000013,0.17647058823529396,0.14285714285714296,0.1250000000000001,0.1428571428571425,0.05555555555555559,0.1176470588235295,0.06666666666666672,0.07142857142857148,0.0,0.07692307692307698,0.0,0.0,0.0,0.0,0.08333333333333341,0.0,0.0,0.0,0.0
1943,0.01,0.0202020202020202,0.051546391752577324,0.07608695652173912,0.10588235294117647,0.11842105263157898,0.14925373134328357,0.15789473684210528,0.14583333333333323,0.17073170731707332,0.14705882352941158,0.13793103448275873,0.1200000000000001,0.1363636363636365,0.10526315789473638,0.05882352941176475,0.06250000000000004,0.06666666666666672,0.07142857142857148,0.0,0.0,0.07692307692307698,0.0,0.0,0.0,0.0,0.0,0.0,0.0
1944,0.01,0.030303030303030304,0.05208333333333333,0.07692307692307693,0.10714285714285714,0.12000000000000004,0.13636363636363633,0.15789473684210528,0.14583333333333323,0.17073170731707332,0.14705882352941158,0.1724137931034484,0.1250000000000001,0.1428571428571425,0.11111111111111117,0.06250000000000004,0.06666666666666672,0.07142857142857148,0.07692307692307698,0.0,0.0,0.08333333333333341,0.0,0.0,0.0,0.0,0.0,0.0,0.0
1945,0.01,0.030303030303030304,0.06250000000000001,0.07777777777777778,0.10843373493975904,0.12162162162162159,0.1384615384615385,0.14285714285714288,0.1666666666666666,0.15000000000000013,0.17647058823529396,0.14285714285714296,0.1250000000000001,0.1428571428571425,0.11111111111111117,0.06250000000000004,0.13333333333333344,0.07692307692307698,0.0,0.08333333333333341,0.0,0.090909090909091,0.0,0.0,0.0,0.0,0.0,0.0,0.0
1946,0.01,0.04040404040404041,0.052631578947368425,0.07777777777777778,0.10843373493975904,0.12162162162162159,0.1384615384615385,0.14285714285714288,0.14583333333333323,0.17073170731707332,0.14705882352941158,0.1724137931034484,0.1250000000000001,0.1428571428571425,0.11111111111111117,0.12500000000000008,0.07142857142857148,0.07692307692307698,0.08333333333333341,0.0,0.090909090909091,0.0,0.0,0.0,0.10000000000000012,0.0,0.0,0.0,0.0
1947,0.01,0.04040404040404041,0.052631578947368425,0.07777777777777778,0.09638554216867469,0.12000000000000004,0.12121212121212116,0.12068965517241378,0.13725490196078444,0.159090909090909,0.13513513513513525,0.12499999999999978,0.14285714285714296,0.08333333333333341,0.1363636363636365,0.0526315789473679,0.11111111111111117,0.06250000000000004,0.0,0.06666666666666672,0.0,0.07142857142857148,0.0,0.0,0.0,0.0,0.0,0.0,0.07692307692307698
1948,0.02,0.030612244897959186,0.052631578947368425,0.08888888888888888,0.09756097560975611,0.10810810810810813,0.12121212121212116,0.13793103448275862,0.1200000000000001,0.13636363636363624,0.1578947368421054,0.12499999999999978,0.14285714285714296,0.1250000000000001,0.09523809523809534,0.10526315789473638,0.05882352941176475,0.06250000000000004,0.06666666666666672,0.07142857142857148,0.0,0.07692307692307698,0.0,0.0,0.0,0.0,0.08333333333333341,0.0,0.0
1949,0.02,0.030612244897959186,0.06315789473684211,0.07865168539325841,0.09756097560975611,0.10810810810810813,0.106060606060606,0.11864406779661016,0.13461538461538472,0.13333333333333322,0.1282051282051283,0.1176470588235292,0.13333333333333344,0.11538461538461549,0.08695652173913052,0.09523809523809534,0.10526315789473638,0.05882352941176475,0.06250000000000004,0.0,0.06666666666666672,0.0,0.07142857142857148,0.0,0.0,0.0,0.0,0.0,0.0
1950,0.02,0.030612244897959186,0.06315789473684211,0.0898876404494382,0.08641975308641976,0.10810810810810813,0.106060606060606,0.10169491525423727,0.11320754716981142,0.12765957446808499,0.12195121951219522,0.11111111111111122,0.12499999999999978,0.14285714285714296,0.08333333333333341,0.090909090909091,0.09999999999999956,0.05555555555555559,0.05882352941176475,0.0,0.06250000000000004,0.0,0.06666666666666672,0.0,0.0,0.0,0.0,0.0,0.0
1951,0.02,0.04081632653061224,0.06382978723404255,0.07954545454545456,0.09876543209876544,0.09589041095890412,0.09090909090909091,0.1,0.1111111111111111,0.10416666666666653,0.11627906976744196,0.13157894736842116,0.121212121212121,0.10344827586206905,0.11538461538461549,0.08695652173913052,0.04761904761904767,0.05000000000000006,0.0526315789473679,0.05555555555555559,0.05882352941176475,0.0,0.06250000000000004,0.0,0.0,0.0,0.0,0.0,0.06666666666666672
1952,0.02,0.04081632653061224,0.06382978723404255,0.09090909090909093,0.08750000000000001,0.0821917808219178,0.08955223880597016,0.09836065573770492,0.09090909090909088,0.1200000000000001,0.1136363636363635,0.1282051282051283,0.1176470588235292,0.13333333333333344,0.07692307692307698,0.08333333333333341,0.090909090909091,0.05000000000000006,0.0526315789473679,0.05555555555555559,0.05882352941176475,0.0,0.06250000000000004,0.0,0.0,0.0,0.0,0.0,0.06666666666666672
1953,0.02,0.04081632653061224,0.06382978723404255,0.07954545454545456,0.08641975308641976,0.08108108108108109,0.08823529411764706,0.08064516129032256,0.087719298245614,0.11538461538461549,0.13043478260869554,0.1250000000000001,0.11428571428571407,0.09677419354838716,0.10714285714285723,0.08000000000000007,0.08695652173913052,0.04761904761904767,0.05000000000000006,0.0526315789473679,0.05555555555555559,0.05882352941176475,0.0,0.06250000000000004,0.0,0.0,0.0,0.0,0.0
1954,0.02,0.04081632653061224,0.06382978723404255,0.06818181818181818,0.07317073170731707,0.07894736842105263,0.07142857142857141,0.0923076923076923,0.08474576271186447,0.1111111111111111,0.12499999999999989,0.11904761904761914,0.10810810810810821,0.09090909090909066,0.10000000000000007,0.07407407407407414,0.08000000000000007,0.08695652173913052,0.04761904761904767,0.05000000000000006,0.0526315789473679,0.0,0.05555555555555559,0.0,0.0,0.05882352941176475,0.0,0.0,0.0
1955,0.02,0.04081632653061224,0.06382978723404255,0.06818181818181818,0.060975609756097573,0.07792207792207788,0.07042253521126768,0.09090909090909091,0.1,0.1111111111111111,0.10416666666666653,0.11627906976744196,0.10526315789473693,0.1176470588235292,0.10000000000000007,0.07407407407407414,0.08000000000000007,0.08695652173913052,0.04761904761904767,0.05000000000000006,0.0526315789473679,0.0,0.05555555555555559,0.0,0.05882352941176475,0.0,0.0,0.0,0.0
1956,0.02,0.04081632653061224,0.053191489361702135,0.05617977528089888,0.07142857142857142,0.06410256410256412,0.06849315068493149,0.10294117647058826,0.09836065573770492,0.09090909090909088,0.1200000000000001,0.09090909090909075,0.10000000000000009,0.11111111111111122,0.09374999999999975,0.10344827586206905,0.07692307692307698,0.041666666666666706,0.08695652173913052,0.04761904761904767,0.05000000000000006,0.0,0.0526315789473679,0.0,0.05555555555555559,0.0,0.0,0.0,0.0
1957,0.02,0.04081632653061224,0.053191489361702135,0.04494382022471909,0.058823529411764726,0.075,0.08108108108108109,0.08823529411764706,0.0967741935483871,0.08928571428571426,0.09803921568627459,0.1086956521739129,0.09756097560975617,0.10810810810810821,0.09090909090909066,0.10000000000000007,0.07407407407407414,0.08000000000000007,0.04347826086956526,0.0454545454545455,0.04761904761904767,0.05000000000000006,0.0,0.0526315789473679,0.0,0.0,0.05555555555555559,0.0,0.0
1958,0.02,0.030612244897959186,0.04210526315789473,0.05494505494505496,0.058139534883720916,0.07407407407407407,0.08,0.07246376811594202,0.09375,0.0862068965517241,0.11320754716981142,0.08510638297872325,0.11627906976744196,0.10526315789473693,0.08823529411764681,0.09677419354838716,0.07142857142857148,0.07692307692307698,0.041666666666666706,0.04347826086956526,0.0454545454545455,0.04761904761904767,0.0,0.05000000000000006,0.0,0.0526315789473679,0.0,0.0,0.0
1959,0.02,0.020408163265306124,0.04166666666666667,0.05434782608695652,0.05747126436781608,0.07317073170731707,0.06578947368421051,0.08450704225352113,0.07692307692307698,0.1,0.09259259259259256,0.10204081632653071,0.09090909090909075,0.10000000000000009,0.11111111111111122,0.062499999999999716,0.10000000000000007,0.07407407407407414,0.040000000000000036,0.041666666666666706,0.04347826086956526,0.0454545454545455,0.04761904761904767,0.0,0.05000000000000006,0.0,0.0,0.0,0.0
1960,0.02,0.020408163265306124,0.04166666666666667,0.05434782608695652,0.05747126436781608,0.060975609756097573,0.07792207792207788,0.07042253521126768,0.07575757575757575,0.09836065573770492,0.09090909090909088,0.10000000000000009,0.08888888888888873,0.09756097560975617,0.10810810810810821,0.09090909090909066,0.06666666666666672,0.07142857142857148,0.03846153846153849,0.08000000000000007,0.04347826086956526,0.0454545454545455,0.0,0.04761904761904767,0.0,0.05000000000000006,0.0,0.0,0.0
1961,0.01,0.030303030303030304,0.04166666666666667,0.05434782608695652,0.05747126436781608,0.060975609756097573,0.06493506493506496,0.06944444444444443,0.07462686567164178,0.08064516129032256,0.10526315789473682,0.09803921568627459,0.08695652173913028,0.09523809523809532,0.10526315789473693,0.05882352941176476,0.09374999999999975,0.06896551724137936,0.03703703703703707,0.07692307692307698,0.041666666666666706,0.04347826086956526,0.0454545454545455,0.0,0.04761904761904767,0.0,0.0,0.0,0.0
1962,0.01,0.030303030303030304,0.04166666666666667,0.04347826086956521,0.05681818181818184,0.06024096385542168,0.06410256410256412,0.06849315068493149,0.07352941176470587,0.07936507936507935,0.10344827586206895,0.07692307692307698,0.10416666666666653,0.09302325581395356,0.10256410256410266,0.0857142857142858,0.062499999999999716,0.06666666666666672,0.07142857142857148,0.03846153846153849,0.08000000000000007,0.04347826086956526,0.0,0.0454545454545455,0.0,0.04761904761904767,0.0,0.0,0.0
1963,0.01,0.030303030303030304,0.03125000000000001,0.05376344086021505,0.04545454545454546,0.059523809523809514,0.06329113924050635,0.06756756756756756,0.07246376811594202,0.09375,0.0862068965517241,0.09433962264150951,0.08333333333333341,0.09090909090909075,0.10000000000000009,0.08333333333333341,0.09090909090909066,0.06666666666666672,0.03571428571428574,0.07407407407407414,0.040000000000000036,0.041666666666666706,0.04347826086956526,0.0454545454545455,0.0,0.0,0.04761904761904767,0.0,0.0
1964,0.01,0.030303030303030304,0.03125000000000001,0.04301075268817204,0.04494382022471909,0.058823529411764726,0.062499999999999986,0.06666666666666665,0.07142857142857141,0.0923076923076923,0.08474576271186447,0.07407407407407403,0.10000000000000009,0.08888888888888873,0.09756097560975617,0.08108108108108115,0.08823529411764681,0.0645161290322581,0.06896551724137936,0.03703703703703707,0.07692307692307698,0.041666666666666706,0.04347826086956526,0.0,0.0454545454545455,0.0,0.0,0.04761904761904767,0.0
1965,0.01,0.030303030303030304,0.03125000000000001,0.04301075268817204,0.04494382022471909,0.058823529411764726,0.062499999999999986,0.06666666666666665,0.07142857142857141,0.07692307692307698,0.08333333333333331,0.09090909090909088,0.08000000000000007,0.08695652173913028,0.09523809523809532,0.10526315789473693,0.05882352941176476,0.09374999999999975,0.06896551724137936,0.03703703703703707,0.07692307692307698,0.041666666666666706,0.04347826086956526,0.0,0.0454545454545455,0.0,0.04761904761904767,0.0,0.0
1966,0.01,0.0202020202020202,0.04123711340206186,0.04301075268817204,0.05617977528089888,0.04761904761904763,0.062499999999999986,0.06666666666666665,0.07142857142857141,0.07692307692307698,0.08333333333333331,0.09090909090909088,0.08000000000000007,0.08695652173913028,0.09523809523809532,0.10526315789473693,0.05882352941176476,0.09374999999999975,0.06896551724137936,0.03703703703703707,0.07692307692307698,0.041666666666666706,0.04347826086956526,0.0454545454545455,0.0,0.04761904761904767,0.0,0.0,0.0
1967,0.01,0.030303030303030304,0.03125000000000001,0.05376344086021505,0.04545454545454546,0.059523809523809514,0.06329113924050635,0.06756756756756756,0.057971014492753596,0.07692307692307698,0.08333333333333331,0.09090909090909088,0.08000000000000007,0.08695652173913028,0.09523809523809532,0.0789473684210527,0.0857142857142858,0.09374999999999975,0.06896551724137936,0.03703703703703707,0.07692307692307698,0.041666666666666706,0.04347826086956526,0.0454545454545455,0.04761904761904767,0.0,0.0,0.0,0.0
1968,0.01,0.030303030303030304,0.04166666666666667,0.04347826086956521,0.05681818181818184,0.06024096385542168,0.06410256410256412,0.05479452054794518,0.07246376811594202,0.06250000000000006,0.08333333333333331,0.09090909090909088,0.08000000000000007,0.08695652173913028,0.09523809523809532,0.10526315789473693,0.08823529411764681,0.0645161290322581,0.06896551724137936,0.07407407407407414,0.08000000000000007,0.04347826086956526,0.0454545454545455,0.04761904761904767,0.05000000000000006,0.0,0.0526315789473679,0.0,0.0
1969,0.01,0.030303030303030304,0.04166666666666667,0.05434782608695652,0.04597701149425288,0.06024096385542168,0.06410256410256412,0.05479452054794518,0.057971014492753596,0.07692307692307698,0.06666666666666664,0.08928571428571426,0.07843137254901968,0.08510638297872325,0.11627906976744196,0.0789473684210527,0.0857142857142858,0.09374999999999975,0.06896551724137936,0.07407407407407414,0.08000000000000007,0.04347826086956526,0.0454545454545455,0.04761904761904767,0.05000000000000006,0.0,0.0526315789473679,0.0,0.0
1970,0.02,0.020408163265306124,0.04166666666666667,0.05434782608695652,0.05747126436781608,0.04878048780487806,0.05128205128205129,0.06756756756756756,0.057971014492753596,0.06153846153846159,0.08196721311475408,0.07142857142857138,0.09615384615384624,0.08510638297872325,0.09302325581395356,0.10256410256410266,0.0857142857142858,0.09374999999999975,0.06896551724137936,0.07407407407407414,0.08000000000000007,0.08695652173913052,0.04761904761904767,0.05000000000000006,0.0526315789473679,0.0,0.0,0.0,0.05555555555555559
1971,0.02,0.020408163265306124,0.04166666666666667,0.05434782608695652,0.04597701149425288,0.06024096385542168,0.05128205128205129,0.05405405405405403,0.0571428571428572,0.06060606060606058,0.08064516129032256,0.07017543859649118,0.07547169811320761,0.10204081632653071,0.09090909090909075,0.10000000000000009,0.08333333333333341,0.09090909090909066,0.10000000000000007,0.07407407407407414,0.08000000000000007,0.04347826086956526,0.090909090909091,0.05000000000000006,0.0,0.0526315789473679,0.0,0.0,0.0
1972,0.02,0.020408163265306124,0.04166666666666667,0.05434782608695652,0.04597701149425288,0.04819277108433733,0.05063291139240507,0.05333333333333331,0.056338028169014134,0.05970149253731341,0.06349206349206346,0.08474576271186447,0.07407407407407403,0.08000000000000007,0.08695652173913028,0.09523809523809532,0.10526315789473693,0.08823529411764681,0.0645161290322581,0.10344827586206905,0.07692307692307698,0.08333333333333341,0.0454545454545455,0.04761904761904767,0.0,0.05000000000000006,0.0,0.0,0.0
1973,0.02,0.020408163265306124,0.04166666666666667,0.05434782608695652,0.04597701149425288,0.04819277108433733,0.03797468354430379,0.05263157894736847,0.05555555555555553,0.058823529411764684,0.06250000000000006,0.08333333333333331,0.07272727272727268,0.07843137254901968,0.08510638297872325,0.09302325581395356,0.10256410256410266,0.0857142857142858,0.09374999999999975,0.10344827586206905,0.07692307692307698,0.041666666666666706,0.08695652173913052,0.04761904761904767,0.0,0.05000000000000006,0.0,0.0,0.0
1974,0.02,0.020408163265306124,0.04166666666666667,0.04347826086956521,0.05681818181818184,0.03614457831325301,0.049999999999999975,0.05263157894736847,0.05555555555555553,0.058823529411764684,0.06250000000000006,0.06666666666666664,0.07142857142857138,0.09615384615384624,0.08510638297872325,0.11627906976744196,0.10526315789473693,0.08823529411764681,0.09677419354838716,0.07142857142857148,0.11538461538461549,0.04347826086956526,0.0454545454545455,0.04761904761904767,0.05000000000000006,0.0,0.0526315789473679,0.0,0.0
1975,0.02,0.020408163265306124,0.04166666666666667,0.04347826086956521,0.04545454545454546,0.04761904761904763,0.049999999999999975,0.05263157894736847,0.04166666666666663,0.057971014492753596,0.06153846153846159,0.06557377049180324,0.07017543859649118,0.09433962264150951,0.08333333333333341,0.1136363636363635,0.10256410256410266,0.11428571428571407,0.0645161290322581,0.10344827586206905,0.07692307692307698,0.08333333333333341,0.0454545454545455,0.04761904761904767,0.05000000000000006,0.0,0.0,0.0526315789473679,0.0
1976,0.02,0.020408163265306124,0.04166666666666667,0.04347826086956521,0.04545454545454546,0.04761904761904763,0.049999999999999975,0.05263157894736847,0.05555555555555553,0.04411764705882349,0.06153846153846159,0.06557377049180324,0.087719298245614,0.07692307692307698,0.10416666666666653,0.11627906976744196,0.10526315789473693,0.08823529411764681,0.09677419354838716,0.10714285714285723,0.08000000000000007,0.04347826086956526,0.090909090909091,0.05000000000000006,0.0,0.0526315789473679,0.0,0.0,0.0
1977,0.02,0.020408163265306124,0.04166666666666667,0.04347826086956521,0.05681818181818184,0.04819277108433733,0.05063291139240507,0.040000000000000036,0.05555555555555553,0.04411764705882349,0.06153846153846159,0.08196721311475408,0.07142857142857138,0.09615384615384624,0.10638297872340412,0.11904761904761914,0.10810810810810821,0.09090909090909066,0.10000000000000007,0.1111111111111112,0.08333333333333341,0.0454545454545455,0.04761904761904767,0.05000000000000006,0.0526315789473679,0.05555555555555559,0.0,0.0,0.0
1978,0.02,0.020408163265306124,0.04166666666666667,0.04347826086956521,0.05681818181818184,0.04819277108433733,0.03797468354430379,0.05263157894736847,0.04166666666666663,0.057971014492753596,0.06153846153846159,0.06557377049180324,0.087719298245614,0.09615384615384624,0.10638297872340412,0.09523809523809532,0.13157894736842116,0.09090909090909066,0.10000000000000007,0.1111111111111112,0.08333333333333341,0.0454545454545455,0.04761904761904767,0.05000000000000006,0.0526315789473679,0.05555555555555559,0.0,0.0,0.0
1979,0.02,0.030612244897959186,0.031578947368421054,0.05434782608695652,0.04597701149425288,0.04819277108433733,0.05063291139240507,0.040000000000000036,0.05555555555555553,0.058823529411764684,0.06250000000000006,0.06666666666666664,0.08928571428571426,0.09803921568627459,0.1086956521739129,0.09756097560975617,0.13513513513513525,0.09374999999999975,0.10344827586206905,0.07692307692307698,0.08333333333333341,0.090909090909091,0.05000000000000006,0.0526315789473679,0.05555555555555559,0.0,0.05882352941176475,0.0,0.0
1980,0.02,0.030612244897959186,0.04210526315789473,0.043956043956043966,0.04597701149425288,0.04819277108433733,0.05063291139240507,0.040000000000000036,0.05555555555555553,0.058823529411764684,0.06250000000000006,0.06666666666666664,0.08928571428571426,0.09803921568627459,0.1086956521739129,0.12195121951219522,0.11111111111111122,0.09374999999999975,0.10344827586206905,0.07692307692307698,0.08333333333333341,0.090909090909091,0.05000000000000006,0.0526315789473679,0.05555555555555559,0.05882352941176475,0.0,0.0,0.0
1981,0.010101010101010102,0.030612244897959186,0.04210526315789473,0.043956043956043966,0.04597701149425288,0.04819277108433733,0.05063291139240507,0.040000000000000036,0.05555555555555553,0.058823529411764684,0.06250000000000006,0.08333333333333331,0.09090909090909088,0.10000000000000009,0.11111111111111098,0.10000000000000009,0.11111111111111122,0.09374999999999975,0.10344827586206905,0.11538461538461549,0.08695652173913052,0.04761904761904767,0.09999999999999956,0.05555555555555559,0.0,0.05882352941176475,0.0,0.0,
1982,0.010101010101010102,0.030612244897959186,0.04210526315789473,0.043956043956043966,0.04597701149425288,0.04819277108433733,0.03797468354430379,0.05263157894736847,0.05555555555555553,0.058823529411764684,0.07812499999999999,0.06779661016949158,0.09090909090909088,0.10000000000000009,0.08888888888888873,0.09756097560975617,0.10810810810810821,0.121212121212121,0.10344827586206905,0.07692307692307698,0.08333333333333341,0.090909090909091,0.05000000000000006,0.0526315789473679,0.05555555555555559,0.05882352941176475,0.0,,
1983,0.02,0.020408163265306124,0.04166666666666667,0.04347826086956521,0.04545454545454546,0.04761904761904763,0.049999999999999975,0.05263157894736847,0.05555555555555553,0.058823529411764684,0.06250000000000006,0.08333333333333331,0.09090909090909088,0.08000000000000007,0.08695652173913028,0.09523809523809532,0.10526315789473693,0.1176470588235292,0.10000000000000007,0.07407407407407414,0.08000000000000007,0.08695652173913052,0.04761904761904767,0.05000000000000006,0.0526315789473679,0.0,,,
1984,0.02,0.020408163265306124,0.04166666666666667,0.04347826086956521,0.04545454545454546,0.04761904761904763,0.049999999999999975,0.03947368421052635,0.05479452054794518,0.057971014492753596,0.07692307692307698,0.08333333333333331,0.07272727272727268,0.07843137254901968,0.08510638297872325,0.11627906976744196,0.10526315789473693,0.08823529411764681,0.09677419354838716,0.10714285714285723,0.08000000000000007,0.08695652173913052,0.04761904761904767,0.05000000000000006,0.0526315789473679,,,,
1985,0.02,0.020408163265306124,0.04166666666666667,0.03260869565217391,0.04494382022471909,0.04705882352941178,0.04938271604938272,0.05194805194805196,0.05479452054794518,0.057971014492753596,0.07692307692307698,0.06666666666666664,0.07142857142857138,0.07692307692307698,0.10416666666666653,0.09302325581395356,0.10256410256410266,0.11428571428571407,0.09677419354838716,0.07142857142857148,0.07692307692307698,0.08333333333333341,0.0454545454545455,0.04761904761904767,,,,,
1986,0.02,0.020408163265306124,0.04166666666666667,0.03260869565217391,0.05617977528089888,0.04761904761904763,0.049999999999999975,0.03947368421052635,0.06849315068493149,0.058823529411764684,0.06250000000000006,0.06666666666666664,0.07142857142857138,0.07692307692307698,0.10416666666666653,0.09302325581395356,0.10256410256410266,0.11428571428571407,0.09677419354838716,0.07142857142857148,0.07692307692307698,0.08333333333333341,0.0454545454545455,,,,,,
1987,0.01,0.030303030303030304,0.03125000000000001,0.04301075268817204,0.04494382022471909,0.058823529411764726,0.049999999999999975,0.05263157894736847,0.05555555555555553,0.058823529411764684,0.06250000000000006,0.06666666666666664,0.07142857142857138,0.07692307692307698,0.10416666666666653,0.09302325581395356,0.10256410256410266,0.11428571428571407,0.09677419354838716,0.07142857142857148,0.07692307692307698,0.08333333333333341,,,,,,,
1988,0.01,0.030303030303030304,0.03125000000000001,0.04301075268817204,0.04494382022471909,0.04705882352941178,0.04938271604938272,0.05194805194805196,0.05479452054794518,0.057971014492753596,0.04615384615384619,0.08064516129032256,0.07017543859649118,0.09433962264150951,0.08333333333333341,0.09090909090909075,0.10000000000000009,0.11111111111111122,0.09374999999999975,0.10344827586206905,0.07692307692307698,,,,,,,,
1989,0.01,0.030303030303030304,0.03125000000000001,0.04301075268817204,0.04494382022471909,0.04705882352941178,0.04938271604938272,0.03896103896103896,0.05405405405405403,0.0428571428571429,0.05970149253731341,0.06349206349206346,0.08474576271186447,0.07407407407407403,0.10000000000000009,0.08888888888888873,0.09756097560975617,0.10810810810810821,0.09090909090909066,0.06666666666666672,,,,,,,,,
1990,0.01,0.030303030303030304,0.03125000000000001,0.04301075268817204,0.04494382022471909,0.03529411764705882,0.04878048780487806,0.03846153846153846,0.040000000000000036,0.05555555555555553,0.058823529411764684,0.06250000000000006,0.06666666666666664,0.08928571428571426,0.07843137254901968,0.10638297872340412,0.09523809523809532,0.10526315789473693,0.08823529411764681,,,,,,,,,,
1991,0.01,0.0202020202020202,0.04123711340206186,0.03225806451612903,0.04444444444444445,0.03488372093023256,0.03614457831325301,0.0375,0.03896103896103896,0.05405405405405403,0.0571428571428572,0.06060606060606058,0.06451612903225803,0.06896551724137936,0.09259259259259256,0.08163265306122457,0.08888888888888873,0.09756097560975617,,,,,,,,,,,
1992,0.01,0.0202020202020202,0.030927835051546393,0.031914893617021274,0.03296703296703297,0.03409090909090909,0.03529411764705882,0.036585365853658534,0.05063291139240507,0.040000000000000036,0.05555555555555553,0.058823529411764684,0.06250000000000006,0.08333333333333331,0.07272727272727268,0.09803921568627459,0.08695652173913028,,,,,,,,,,,,
1993,0.01,0.0202020202020202,0.030927835051546393,0.031914893617021274,0.021978021978021983,0.03370786516853934,0.03488372093023256,0.03614457831325301,0.0375,0.05194805194805196,0.05479452054794518,0.057971014492753596,0.06153846153846159,0.06557377049180324,0.087719298245614,0.07692307692307698,,,,,,,,,,,,,
1994,0.01,0.0202020202020202,0.02061855670103093,0.021052631578947375,0.03225806451612903,0.03333333333333333,0.034482758620689655,0.03571428571428571,0.037037037037037035,0.03846153846153846,0.05333333333333331,0.056338028169014134,0.05970149253731341,0.07936507936507935,0.06896551724137936,,,,,,,,,,,,,,
1995,0.01,0.010101010101010102,0.020408163265306124,0.03125000000000001,0.021505376344086013,0.03296703296703297,0.03409090909090909,0.03529411764705882,0.036585365853658534,0.05063291139240507,0.040000000000000036,0.05555555555555553,0.07352941176470587,0.06349206349206346,,,,,,,,,,,,,,,
1996,0.01,0.010101010101010102,0.020408163265306124,0.020833333333333332,0.031914893617021274,0.03296703296703297,0.02272727272727275,0.03488372093023256,0.03614457831325301,0.049999999999999975,0.03947368421052635,0.05479452054794518,0.07246376811594202,,,,,,,,,,,,,,,,
1997,0.01,0.010101010101010102,0.01020408163265306,0.030927835051546393,0.021276595744680857,0.03260869565217391,0.03370786516853934,0.03488372093023256,0.03614457831325301,0.0375,0.05194805194805196,0.04109589041095887,,,,,,,,,,,,,,,,,
1998,0.01,0.010101010101010102,0.01020408163265306,0.02061855670103093,0.031578947368421054,0.03260869565217391,0.022471910112359553,0.034482758620689655,0.03571428571428571,0.037037037037037035,0.05128205128205129,,,,,,,,,,,,,,,,,,
1999,0.01,0.010101010101010102,0.01020408163265306,0.02061855670103093,0.031578947368421054,0.02173913043478261,0.03333333333333333,0.022988505747126426,0.03529411764705882,0.036585365853658534,,,,,,,,,,,,,,,,,,,
2000,0.01,0.010101010101010102,0.01020408163265306,0.02061855670103093,0.021052631578947375,0.03225806451612903,0.02222222222222221,0.03409090909090909,0.03529411764705882,,,,,,,,,,,,,,,,,,,,
2001,0.0,0.01,0.0202020202020202,0.02061855670103093,0.021052631578947375,0.021505376344086013,0.021978021978021983,0.03370786516853934,,,,,,,,,,,,,,,,,,,,,
2002,0.0,0.01,0.010101010101010102,0.020408163265306124,0.020833333333333332,0.021276595744680857,0.03260869565217391,,,,,,,,,,,,,,,,,,,,,,
2003,0.0,0.01,0.010101010101010102,0.020408163265306124,0.020833333333333332,0.021276595744680857,,,,,,,,,,,,,,,,,,,,,,,
2004,0.0,0.01,0.010101010101010102,0.020408163265306124,0.020833333333333332,,,,,,,,,,,,,,,,,,,,,,,,
2005,0.0,0.01,0.010101010101010102,0.020408163265306124,,,,,,,,,,,,,,,,,,,,,,,,,
2006,0.0,0.01,0.010101010101010102,,,,,,,,,,,,,,,,,,,,,,,,,,
2007,0.0,0.01,,,,,,,,,,,,,,,,,,,,,,,,,,,
2008,0.0,,,,,,,,,,,,,,,,,,,,,,,,,,,,
2009,,,,,,,,,,,,,,,,,,,,,,,,,,,,,
