birth_year,age,m1x,year,code
1920,16,0.0,1936,UK
1921,16,0.0,1937,UK
1920,17,0.01,1937,UK
1922,16,0.0,1938,UK
1921,17,0.01,1938,UK
1920,18,0.0202020202020202,1938,UK
1923,16,0.0,1939,UK
1922,17,0.01,1939,UK
1921,18,0.0202020202020202,1939,UK
1920,19,0.04123711340206186,1939,UK
1924,16,0.0,1940,UK
1923,17,0.01,1940,UK
1922,18,0.0202020202020202,1940,UK
1921,19,0.04123711340206186,1940,UK
1920,20,0.04301075268817204,1940,UK
1925,16,0.0,1941,UK
1924,17,0.01,1941,UK
1923,18,0.0202020202020202,1941,UK
1922,19,0.030927835051546393,1941,UK
1921,20,0.05376344086021505,1941,UK
1920,21,0.06741573033707866,1941,UK
1926,16,0.0,1942,UK
1925,17,0.01,1942,UK
1924,18,0.0202020202020202,1942,UK
1923,19,0.030927835051546393,1942,UK
1922,20,0.06382978723404255,1942,UK
1921,21,0.06818181818181818,1942,UK
1920,22,0.09638554216867469,1942,UK
1927,16,0.0,1943,UK
1926,17,0.01,1943,UK
1925,18,0.0202020202020202,1943,UK
1924,19,0.04123711340206186,1943,UK
1923,20,0.06382978723404255,1943,UK
1922,21,0.07954545454545456,1943,UK
1921,22,0.09756097560975611,1943,UK
1920,23,0.09333333333333334,1943,UK
1928,16,0.0,1944,UK
1927,17,0.01,1944,UK
1926,18,0.0202020202020202,1944,UK
1925,19,0.04123711340206186,1944,UK
1924,20,0.05376344086021505,1944,UK
1923,21,0.07954545454545456,1944,UK
1922,22,0.09876543209876544,1944,UK
1921,23,0.10810810810810813,1944,UK
1920,24,0.11764705882352945,1944,UK
1929,16,0.0,1945,UK
1928,17,0.01,1945,UK
1927,18,0.0202020202020202,1945,UK
1926,19,0.04123711340206186,1945,UK
1925,20,0.05376344086021505,1945,UK
1924,21,0.07954545454545456,1945,UK
1923,22,0.09876543209876544,1945,UK
1922,23,0.09589041095890412,1945,UK
1921,24,0.106060606060606,1945,UK
1920,25,0.08333333333333331,1945,UK
1930,16,0.0,1946,UK
1929,17,0.01,1946,UK
1928,18,0.030303030303030304,1946,UK
1927,19,0.04123711340206186,1946,UK
1926,20,0.06451612903225806,1946,UK
1925,21,0.09090909090909093,1946,UK
1924,22,0.11111111111111113,1946,UK
1923,23,0.12328767123287668,1946,UK
1922,24,0.13636363636363633,1946,UK
1921,25,0.13559322033898305,1946,UK
1920,26,0.14545454545454548,1946,UK
1931,16,0.0,1947,UK
1930,17,0.01,1947,UK
1929,18,0.030303030303030304,1947,UK
1928,19,0.04166666666666667,1947,UK
1927,20,0.08602150537634408,1947,UK
1926,21,0.1149425287356322,1947,UK
1925,22,0.13749999999999998,1947,UK
1924,23,0.16666666666666666,1947,UK
1923,24,0.17187499999999997,1947,UK
1922,25,0.15789473684210528,1947,UK
1921,26,0.17647058823529405,1947,UK
1920,27,0.14893617021276587,1947,UK
1932,16,0.0,1948,UK
1931,17,0.02,1948,UK
1930,18,0.030303030303030304,1948,UK
1929,19,0.05208333333333333,1948,UK
1928,20,0.07608695652173912,1948,UK
1927,21,0.10588235294117647,1948,UK
1926,22,0.11688311688311688,1948,UK
1925,23,0.1304347826086957,1948,UK
1924,24,0.13333333333333328,1948,UK
1923,25,0.13207547169811332,1948,UK
1922,26,0.12499999999999989,1948,UK
1921,27,0.11904761904761914,1948,UK
1920,28,0.10000000000000009,1948,UK
1933,16,0.0,1949,UK
1932,17,0.02,1949,UK
1931,18,0.020408163265306124,1949,UK
1930,19,0.05208333333333333,1949,UK
1929,20,0.07692307692307693,1949,UK
1928,21,0.10588235294117647,1949,UK
1927,22,0.11842105263157898,1949,UK
1926,23,0.13235294117647056,1949,UK
1925,24,0.13333333333333328,1949,UK
1924,25,0.13461538461538472,1949,UK
1923,26,0.13043478260869554,1949,UK
1922,27,0.11904761904761914,1949,UK
1921,28,0.10810810810810821,1949,UK
1920,29,0.08333333333333341,1949,UK
1934,16,0.0,1950,UK
1933,17,0.02,1950,UK
1932,18,0.020408163265306124,1950,UK
1931,19,0.05208333333333333,1950,UK
1930,20,0.07692307692307693,1950,UK
1929,21,0.09523809523809523,1950,UK
1928,22,0.11842105263157898,1950,UK
1927,23,0.11940298507462682,1950,UK
1926,24,0.11864406779661016,1950,UK
1925,25,0.11538461538461549,1950,UK
1924,26,0.11111111111111098,1950,UK
1923,27,0.10000000000000009,1950,UK
1922,28,0.10810810810810821,1950,UK
1921,29,0.09090909090909066,1950,UK
1920,30,0.09090909090909066,1950,UK
1935,16,0.0,1951,UK
1934,17,0.02,1951,UK
1933,18,0.020408163265306124,1951,UK
1932,19,0.05208333333333333,1951,UK
1931,20,0.07692307692307693,1951,UK
1930,21,0.09523809523809523,1951,UK
1929,22,0.10526315789473686,1951,UK
1928,23,0.11940298507462682,1951,UK
1927,24,0.11864406779661016,1951,UK
1926,25,0.11538461538461549,1951,UK
1925,26,0.13043478260869554,1951,UK
1924,27,0.1250000000000001,1951,UK
1923,28,0.11111111111111122,1951,UK
1922,29,0.09090909090909066,1951,UK
1921,30,0.10000000000000007,1951,UK
1920,31,0.06666666666666672,1951,UK
1936,16,0.0,1952,UK
1935,17,0.02,1952,UK
1934,18,0.020408163265306124,1952,UK
1933,19,0.05208333333333333,1952,UK
1932,20,0.07692307692307693,1952,UK
1931,21,0.09523809523809523,1952,UK
1930,22,0.11842105263157898,1952,UK
1929,23,0.11764705882352945,1952,UK
1928,24,0.11864406779661016,1952,UK
1927,25,0.11538461538461549,1952,UK
1926,26,0.13043478260869554,1952,UK
1925,27,0.10000000000000009,1952,UK
1924,28,0.0857142857142858,1952,UK
1923,29,0.09374999999999975,1952,UK
1922,30,0.10000000000000007,1952,UK
1921,31,0.07407407407407414,1952,UK
1920,32,0.07142857142857148,1952,UK
1937,16,0.0,1953,UK
1936,17,0.02,1953,UK
1935,18,0.020408163265306124,1953,UK
1934,19,0.05208333333333333,1953,UK
1933,20,0.07692307692307693,1953,UK
1932,21,0.09523809523809523,1953,UK
1931,22,0.11842105263157898,1953,UK
1930,23,0.11940298507462682,1953,UK
1929,24,0.13333333333333328,1953,UK
1928,25,0.13461538461538472,1953,UK
1927,26,0.13043478260869554,1953,UK
1926,27,0.1250000000000001,1953,UK
1925,28,0.11111111111111122,1953,UK
1924,29,0.12499999999999978,1953,UK
1923,30,0.10344827586206905,1953,UK
1922,31,0.07407407407407414,1953,UK
1921,32,0.08000000000000007,1953,UK
1920,33,0.03846153846153849,1953,UK
1938,16,0.0,1954,UK
1937,17,0.02,1954,UK
1936,18,0.030612244897959186,1954,UK
1935,19,0.05208333333333333,1954,UK
1934,20,0.08791208791208793,1954,UK
1933,21,0.10714285714285714,1954,UK
1932,22,0.11842105263157898,1954,UK
1931,23,0.11940298507462682,1954,UK
1930,24,0.13559322033898305,1954,UK
1929,25,0.13461538461538472,1954,UK
1928,26,0.13333333333333322,1954,UK
1927,27,0.1250000000000001,1954,UK
1926,28,0.0857142857142858,1954,UK
1925,29,0.09374999999999975,1954,UK
1924,30,0.07142857142857148,1954,UK
1923,31,0.07692307692307698,1954,UK
1922,32,0.040000000000000036,1954,UK
1921,33,0.04347826086956526,1954,UK
1920,34,0.040000000000000036,1954,UK
1939,16,0.0,1955,UK
1938,17,0.02,1955,UK
1937,18,0.030612244897959186,1955,UK
1936,19,0.052631578947368425,1955,UK
1935,20,0.08791208791208793,1955,UK
1934,21,0.09638554216867469,1955,UK
1933,22,0.12000000000000004,1955,UK
1932,23,0.11940298507462682,1955,UK
1931,24,0.13559322033898305,1955,UK
1930,25,0.13725490196078444,1955,UK
1929,26,0.13333333333333322,1955,UK
1928,27,0.10256410256410266,1955,UK
1927,28,0.11428571428571407,1955,UK
1926,29,0.12499999999999978,1955,UK
1925,30,0.10344827586206905,1955,UK
1924,31,0.07692307692307698,1955,UK
1923,32,0.08333333333333341,1955,UK
1922,33,0.08333333333333341,1955,UK
1921,34,0.0454545454545455,1955,UK
1920,35,0.041666666666666706,1955,UK
1940,16,0.01,1956,UK
1939,17,0.02,1956,UK
1938,18,0.030612244897959186,1956,UK
1937,19,0.052631578947368425,1956,UK
1936,20,0.08888888888888888,1956,UK
1935,21,0.10843373493975904,1956,UK
1934,22,0.1333333333333333,1956,UK
1933,23,0.13636363636363633,1956,UK
1932,24,0.15254237288135594,1956,UK
1931,25,0.13725490196078444,1956,UK
1930,26,0.13636363636363624,1956,UK
1929,27,0.10256410256410266,1956,UK
1928,28,0.11428571428571407,1956,UK
1927,29,0.09677419354838716,1956,UK
1926,30,0.07142857142857148,1956,UK
1925,31,0.07692307692307698,1956,UK
1924,32,0.08333333333333341,1956,UK
1923,33,0.0454545454545455,1956,UK
1922,34,0.0454545454545455,1956,UK
1921,35,0.04761904761904767,1956,UK
1920,36,0.0,1956,UK
1941,16,0.01,1957,UK
1940,17,0.010101010101010102,1957,UK
1939,18,0.04081632653061224,1957,UK
1938,19,0.06315789473684211,1957,UK
1937,20,0.08888888888888888,1957,UK
1936,21,0.10975609756097564,1957,UK
1935,22,0.13513513513513511,1957,UK
1934,23,0.15384615384615388,1957,UK
1933,24,0.14035087719298248,1957,UK
1932,25,0.1399999999999999,1957,UK
1931,26,0.13636363636363624,1957,UK
1930,27,0.13157894736842116,1957,UK
1929,28,0.14285714285714268,1957,UK
1928,29,0.1290322580645162,1957,UK
1927,30,0.10714285714285723,1957,UK
1926,31,0.11538461538461549,1957,UK
1925,32,0.08333333333333341,1957,UK
1924,33,0.0454545454545455,1957,UK
1923,34,0.04761904761904767,1957,UK
1922,35,0.0,1957,UK
1921,36,0.0,1957,UK
1920,37,0.04347826086956526,1957,UK
1942,16,0.01,1958,UK
1941,17,0.0202020202020202,1958,UK
1940,18,0.05102040816326531,1958,UK
1939,19,0.06382978723404255,1958,UK
1938,20,0.10112359550561799,1958,UK
1937,21,0.12195121951219515,1958,UK
1936,22,0.13698630136986298,1958,UK
1935,23,0.14062500000000003,1958,UK
1934,24,0.14545454545454548,1958,UK
1933,25,0.1632653061224489,1958,UK
1932,26,0.13953488372093034,1958,UK
1931,27,0.1578947368421054,1958,UK
1930,28,0.121212121212121,1958,UK
1929,29,0.10000000000000007,1958,UK
1928,30,0.1111111111111112,1958,UK
1927,31,0.08000000000000007,1958,UK
1926,32,0.04347826086956526,1958,UK
1925,33,0.0454545454545455,1958,UK
1924,34,0.04761904761904767,1958,UK
1923,35,0.05000000000000006,1958,UK
1922,36,0.04761904761904767,1958,UK
1921,37,0.05000000000000006,1958,UK
1920,38,0.0,1958,UK
1943,16,0.01,1959,UK
1942,17,0.0202020202020202,1959,UK
1941,18,0.04123711340206186,1959,UK
1940,19,0.06451612903225806,1959,UK
1939,20,0.10227272727272727,1959,UK
1938,21,0.11249999999999996,1959,UK
1937,22,0.13888888888888887,1959,UK
1936,23,0.1428571428571429,1959,UK
1935,24,0.16363636363636366,1959,UK
1934,25,0.17021276595744672,1959,UK
1933,26,0.14634146341463428,1959,UK
1932,27,0.13513513513513525,1959,UK
1931,28,0.12499999999999978,1959,UK
1930,29,0.13793103448275873,1959,UK
1929,30,0.1111111111111112,1959,UK
1928,31,0.08333333333333341,1959,UK
1927,32,0.08695652173913052,1959,UK
1926,33,0.090909090909091,1959,UK
1925,34,0.04761904761904767,1959,UK
1924,35,0.05000000000000006,1959,UK
1923,36,0.0526315789473679,1959,UK
1922,37,0.05000000000000006,1959,UK
1921,38,0.0,1959,UK
1920,39,0.0454545454545455,1959,UK
1944,16,0.01,1960,UK
1943,17,0.0202020202020202,1960,UK
1942,18,0.04123711340206186,1960,UK
1941,19,0.07526881720430109,1960,UK
1940,20,0.10344827586206896,1960,UK
1939,21,0.11392405063291139,1960,UK
1938,22,0.14084507042253527,1960,UK
1937,23,0.1451612903225806,1960,UK
1936,24,0.14814814814814817,1960,UK
1935,25,0.15217391304347816,1960,UK
1934,26,0.15384615384615397,1960,UK
1933,27,0.14285714285714268,1960,UK
1932,28,0.12499999999999978,1960,UK
1931,29,0.10714285714285723,1960,UK
1930,30,0.1200000000000001,1960,UK
1929,31,0.08333333333333341,1960,UK
1928,32,0.090909090909091,1960,UK
1927,33,0.04761904761904767,1960,UK
1926,34,0.05000000000000006,1960,UK
1925,35,0.05000000000000006,1960,UK
1924,36,0.0526315789473679,1960,UK
1923,37,0.0,1960,UK
1922,38,0.0,1960,UK
1921,39,0.0,1960,UK
1920,40,0.0,1960,UK
1945,16,0.01,1961,UK
1944,17,0.030303030303030304,1961,UK
1943,18,0.051546391752577324,1961,UK
1942,19,0.07526881720430109,1961,UK
1941,20,0.10465116279069767,1961,UK
1940,21,0.11538461538461538,1961,UK
1939,22,0.1428571428571429,1961,UK
1938,23,0.14754098360655732,1961,UK
1937,24,0.15094339622641523,1961,UK
1936,25,0.1739130434782608,1961,UK
1935,26,0.15384615384615397,1961,UK
1934,27,0.15151515151515133,1961,UK
1933,28,0.13333333333333344,1961,UK
1932,29,0.10714285714285723,1961,UK
1931,30,0.1200000000000001,1961,UK
1930,31,0.090909090909091,1961,UK
1929,32,0.090909090909091,1961,UK
1928,33,0.05000000000000006,1961,UK
1927,34,0.05000000000000006,1961,UK
1926,35,0.0526315789473679,1961,UK
1925,36,0.0526315789473679,1961,UK
1924,37,0.0,1961,UK
1923,38,0.05555555555555559,1961,UK
1922,39,0.0,1961,UK
1921,40,0.0526315789473679,1961,UK
1920,41,0.0,1961,UK
1946,16,0.01,1962,UK
1945,17,0.030303030303030304,1962,UK
1944,18,0.05208333333333333,1962,UK
1943,19,0.07608695652173912,1962,UK
1942,20,0.10465116279069767,1962,UK
1941,21,0.12987012987012989,1962,UK
1940,22,0.15942028985507245,1962,UK
1939,23,0.16666666666666663,1962,UK
1938,24,0.17307692307692302,1962,UK
1937,25,0.15555555555555547,1962,UK
1936,26,0.1578947368421054,1962,UK
1935,27,0.15151515151515133,1962,UK
1934,28,0.14285714285714296,1962,UK
1933,29,0.11538461538461549,1962,UK
1932,30,0.1200000000000001,1962,UK
1931,31,0.090909090909091,1962,UK
1930,32,0.09999999999999956,1962,UK
1929,33,0.05000000000000006,1962,UK
1928,34,0.0526315789473679,1962,UK
1927,35,0.0526315789473679,1962,UK
1926,36,0.0,1962,UK
1925,37,0.0,1962,UK
1924,38,0.05555555555555559,1962,UK
1923,39,0.0,1962,UK
1922,40,0.0526315789473679,1962,UK
1921,41,0.0,1962,UK
1920,42,0.0,1962,UK
1947,16,0.01,1963,UK
1946,17,0.04040404040404041,1963,UK
1945,18,0.06250000000000001,1963,UK
1944,19,0.07692307692307693,1963,UK
1943,20,0.10588235294117647,1963,UK
1942,21,0.12987012987012989,1963,UK
1941,22,0.14925373134328357,1963,UK
1940,23,0.15517241379310348,1963,UK
1939,24,0.15999999999999992,1963,UK
1938,25,0.16279069767441873,1963,UK
1937,26,0.18421052631578935,1963,UK
1936,27,0.1562499999999998,1963,UK
1935,28,0.14285714285714296,1963,UK
1934,29,0.1250000000000001,1963,UK
1933,30,0.1304347826086958,1963,UK
1932,31,0.090909090909091,1963,UK
1931,32,0.09999999999999956,1963,UK
1930,33,0.05555555555555559,1963,UK
1929,34,0.0526315789473679,1963,UK
1928,35,0.05555555555555559,1963,UK
1927,36,0.05555555555555559,1963,UK
1926,37,0.05555555555555559,1963,UK
1925,38,0.0,1963,UK
1924,39,0.0,1963,UK
1923,40,0.0,1963,UK
1922,41,0.0,1963,UK
1921,42,0.0,1963,UK
1920,43,0.0,1963,UK
1948,16,0.02,1964,UK
1947,17,0.04040404040404041,1964,UK
1946,18,0.052631578947368425,1964,UK
1945,19,0.07777777777777778,1964,UK
1944,20,0.10714285714285714,1964,UK
1943,21,0.11842105263157898,1964,UK
1942,22,0.14925373134328357,1964,UK
1941,23,0.15789473684210528,1964,UK
1940,24,0.1632653061224489,1964,UK
1939,25,0.1666666666666668,1964,UK
1938,26,0.16666666666666652,1964,UK
1937,27,0.1290322580645162,1964,UK
1936,28,0.14814814814814828,1964,UK
1935,29,0.16666666666666682,1964,UK
1934,30,0.1428571428571425,1964,UK
1933,31,0.09999999999999956,1964,UK
1932,32,0.09999999999999956,1964,UK
1931,33,0.05555555555555559,1964,UK
1930,34,0.05882352941176475,1964,UK
1929,35,0.05555555555555559,1964,UK
1928,36,0.05882352941176475,1964,UK
1927,37,0.0,1964,UK
1926,38,0.0,1964,UK
1925,39,0.05555555555555559,1964,UK
1924,40,0.0,1964,UK
1923,41,0.0,1964,UK
1922,42,0.0,1964,UK
1921,43,0.0,1964,UK
1920,44,0.0,1964,UK
1949,16,0.02,1965,UK
1948,17,0.030612244897959186,1965,UK
1947,18,0.052631578947368425,1965,UK
1946,19,0.07777777777777778,1965,UK
1945,20,0.10843373493975904,1965,UK
1944,21,0.12000000000000004,1965,UK
1943,22,0.14925373134328357,1965,UK
1942,23,0.15789473684210528,1965,UK
1941,24,0.1666666666666666,1965,UK
1940,25,0.17073170731707332,1965,UK
1939,26,0.17142857142857126,1965,UK
1938,27,0.1666666666666668,1965,UK
1937,28,0.14814814814814828,1965,UK
1936,29,0.1304347826086958,1965,UK
1935,30,0.09999999999999956,1965,UK
1934,31,0.11111111111111117,1965,UK
1933,32,0.05555555555555559,1965,UK
1932,33,0.05555555555555559,1965,UK
1931,34,0.05882352941176475,1965,UK
1930,35,0.06250000000000004,1965,UK
1929,36,0.05882352941176475,1965,UK
1928,37,0.0,1965,UK
1927,38,0.0,1965,UK
1926,39,0.0,1965,UK
1925,40,0.0,1965,UK
1924,41,0.0,1965,UK
1923,42,0.0,1965,UK
1922,43,0.0,1965,UK
1921,44,0.0,1965,UK
1950,16,0.02,1966,UK
1949,17,0.030612244897959186,1966,UK
1948,18,0.052631578947368425,1966,UK
1947,19,0.07777777777777778,1966,UK
1946,20,0.10843373493975904,1966,UK
1945,21,0.12162162162162159,1966,UK
1944,22,0.13636363636363633,1966,UK
1943,23,0.15789473684210528,1966,UK
1942,24,0.1666666666666666,1966,UK
1941,25,0.17500000000000016,1966,UK
1940,26,0.17647058823529396,1966,UK
1939,27,0.13793103448275873,1966,UK
1938,28,0.1200000000000001,1966,UK
1937,29,0.1304347826086958,1966,UK
1936,30,0.09999999999999956,1966,UK
1935,31,0.11111111111111117,1966,UK
1934,32,0.06250000000000004,1966,UK
1933,33,0.05882352941176475,1966,UK
1932,34,0.05882352941176475,1966,UK
1931,35,0.0,1966,UK
1930,36,0.0,1966,UK
1929,37,0.0,1966,UK
1928,38,0.0,1966,UK
1927,39,0.05882352941176475,1966,UK
1926,40,0.0,1966,UK
1925,41,0.0,1966,UK
1924,42,0.0,1966,UK
1923,43,0.0,1966,UK
1922,44,0.0,1966,UK
1951,16,0.02,1967,UK
1950,17,0.030612244897959186,1967,UK
1949,18,0.06315789473684211,1967,UK
1948,19,0.08888888888888888,1967,UK
1947,20,0.09638554216867469,1967,UK
1946,21,0.12162162162162159,1967,UK
1945,22,0.1384615384615385,1967,UK
1944,23,0.15789473684210528,1967,UK
1943,24,0.14583333333333323,1967,UK
1942,25,0.15000000000000013,1967,UK
1941,26,0.18181818181818166,1967,UK
1940,27,0.14285714285714296,1967,UK
1939,28,0.16000000000000014,1967,UK
1938,29,0.1363636363636365,1967,UK
1937,30,0.09999999999999956,1967,UK
1936,31,0.11111111111111117,1967,UK
1935,32,0.06250000000000004,1967,UK
1934,33,0.06666666666666672,1967,UK
1933,34,0.06250000000000004,1967,UK
1932,35,0.0,1967,UK
1931,36,0.06250000000000004,1967,UK
1930,37,0.06666666666666672,1967,UK
1929,38,0.0,1967,UK
1928,39,0.06250000000000004,1967,UK
1927,40,0.0,1967,UK
1926,41,0.05882352941176475,1967,UK
1925,42,0.0,1967,UK
1924,43,0.0,1967,UK
1923,44,0.0,1967,UK
1952,16,0.02,1968,UK
1951,17,0.04081632653061224,1968,UK
1950,18,0.06315789473684211,1968,UK
1949,19,0.07865168539325841,1968,UK
1948,20,0.09756097560975611,1968,UK
1947,21,0.12000000000000004,1968,UK
1946,22,0.1384615384615385,1968,UK
1945,23,0.14285714285714288,1968,UK
1944,24,0.14583333333333323,1968,UK
1943,25,0.17073170731707332,1968,UK
1942,26,0.17647058823529396,1968,UK
1941,27,0.14814814814814828,1968,UK
1940,28,0.1250000000000001,1968,UK
1939,29,0.09523809523809534,1968,UK
1938,30,0.10526315789473638,1968,UK
1937,31,0.05555555555555559,1968,UK
1936,32,0.06250000000000004,1968,UK
1935,33,0.06666666666666672,1968,UK
1934,34,0.07142857142857148,1968,UK
1933,35,0.06666666666666672,1968,UK
1932,36,0.06250000000000004,1968,UK
1931,37,0.0,1968,UK
1930,38,0.0,1968,UK
1929,39,0.06250000000000004,1968,UK
1928,40,0.0,1968,UK
1927,41,0.0,1968,UK
1926,42,0.0,1968,UK
1925,43,0.0,1968,UK
1924,44,0.0,1968,UK
1953,16,0.02,1969,UK
1952,17,0.04081632653061224,1969,UK
1951,18,0.06382978723404255,1969,UK
1950,19,0.0898876404494382,1969,UK
1949,20,0.09756097560975611,1969,UK
1948,21,0.10810810810810813,1969,UK
1947,22,0.12121212121212116,1969,UK
1946,23,0.14285714285714288,1969,UK
1945,24,0.1666666666666666,1969,UK
1944,25,0.17073170731707332,1969,UK
1943,26,0.14705882352941158,1969,UK
1942,27,0.14285714285714296,1969,UK
1941,28,0.1304347826086958,1969,UK
1940,29,0.1428571428571425,1969,UK
1939,30,0.10526315789473638,1969,UK
1938,31,0.05882352941176475,1969,UK
1937,32,0.1176470588235295,1969,UK
1936,33,0.06666666666666672,1969,UK
1935,34,0.0,1969,UK
1934,35,0.0,1969,UK
1933,36,0.0,1969,UK
1932,37,0.0,1969,UK
1931,38,0.06666666666666672,1969,UK
1930,39,0.0,1969,UK
1929,40,0.0,1969,UK
1928,41,0.0,1969,UK
1927,42,0.0,1969,UK
1926,43,0.0,1969,UK
1925,44,0.0,1969,UK
1954,16,0.02,1970,UK
1953,17,0.04081632653061224,1970,UK
1952,18,0.06382978723404255,1970,UK
1951,19,0.07954545454545456,1970,UK
1950,20,0.08641975308641976,1970,UK
1949,21,0.10810810810810813,1970,UK
1948,22,0.12121212121212116,1970,UK
1947,23,0.12068965517241378,1970,UK
1946,24,0.14583333333333323,1970,UK
1945,25,0.15000000000000013,1970,UK
1944,26,0.14705882352941158,1970,UK
1943,27,0.13793103448275873,1970,UK
1942,28,0.1250000000000001,1970,UK
1941,29,0.09999999999999956,1970,UK
1940,30,0.05555555555555559,1970,UK
1939,31,0.05882352941176475,1970,UK
1938,32,0.06250000000000004,1970,UK
1937,33,0.0,1970,UK
1936,34,0.0,1970,UK
1935,35,0.07142857142857148,1970,UK
1934,36,0.07692307692307698,1970,UK
1933,37,0.0,1970,UK
1932,38,0.06666666666666672,1970,UK
1931,39,0.0,1970,UK
1930,40,0.0,1970,UK
1929,41,0.0,1970,UK
1928,42,0.0,1970,UK
1927,43,0.0,1970,UK
1926,44,0.0,1970,UK
1955,16,0.02,1971,UK
1954,17,0.04081632653061224,1971,UK
1953,18,0.06382978723404255,1971,UK
1952,19,0.09090909090909093,1971,UK
1951,20,0.09876543209876544,1971,UK
1950,21,0.10810810810810813,1971,UK
1949,22,0.106060606060606,1971,UK
1948,23,0.13793103448275862,1971,UK
1947,24,0.13725490196078444,1971,UK
1946,25,0.17073170731707332,1971,UK
1945,26,0.17647058823529396,1971,UK
1944,27,0.1724137931034484,1971,UK
1943,28,0.1200000000000001,1971,UK
1942,29,0.1428571428571425,1971,UK
1941,30,0.11111111111111117,1971,UK
1940,31,0.1176470588235295,1971,UK
1939,32,0.06250000000000004,1971,UK
1938,33,0.06666666666666672,1971,UK
1937,34,0.06666666666666672,1971,UK
1936,35,0.07142857142857148,1971,UK
1935,36,0.0,1971,UK
1934,37,0.0,1971,UK
1933,38,0.07142857142857148,1971,UK
1932,39,0.0,1971,UK
1931,40,0.0,1971,UK
1930,41,0.07142857142857148,1971,UK
1929,42,0.0,1971,UK
1928,43,0.0,1971,UK
1927,44,0.0,1971,UK
1956,16,0.02,1972,UK
1955,17,0.04081632653061224,1972,UK
1954,18,0.06382978723404255,1972,UK
1953,19,0.07954545454545456,1972,UK
1952,20,0.08750000000000001,1972,UK
1951,21,0.09589041095890412,1972,UK
1950,22,0.106060606060606,1972,UK
1949,23,0.11864406779661016,1972,UK
1948,24,0.1200000000000001,1972,UK
1947,25,0.159090909090909,1972,UK
1946,26,0.14705882352941158,1972,UK
1945,27,0.14285714285714296,1972,UK
1944,28,0.1250000000000001,1972,UK
1943,29,0.1363636363636365,1972,UK
1942,30,0.05555555555555559,1972,UK
1941,31,0.06250000000000004,1972,UK
1940,32,0.06666666666666672,1972,UK
1939,33,0.06666666666666672,1972,UK
1938,34,0.07142857142857148,1972,UK
1937,35,0.07142857142857148,1972,UK
1936,36,0.0,1972,UK
1935,37,0.07692307692307698,1972,UK
1934,38,0.0,1972,UK
1933,39,0.0,1972,UK
1932,40,0.0,1972,UK
1931,41,0.0,1972,UK
1930,42,0.0,1972,UK
1929,43,0.0,1972,UK
1928,44,0.0,1972,UK
1957,16,0.02,1973,UK
1956,17,0.04081632653061224,1973,UK
1955,18,0.06382978723404255,1973,UK
1954,19,0.06818181818181818,1973,UK
1953,20,0.08641975308641976,1973,UK
1952,21,0.0821917808219178,1973,UK
1951,22,0.09090909090909091,1973,UK
1950,23,0.10169491525423727,1973,UK
1949,24,0.13461538461538472,1973,UK
1948,25,0.13636363636363624,1973,UK
1947,26,0.13513513513513525,1973,UK
1946,27,0.1724137931034484,1973,UK
1945,28,0.1250000000000001,1973,UK
1944,29,0.1428571428571425,1973,UK
1943,30,0.10526315789473638,1973,UK
1942,31,0.1176470588235295,1973,UK
1941,32,0.06666666666666672,1973,UK
1940,33,0.07142857142857148,1973,UK
1939,34,0.07142857142857148,1973,UK
1938,35,0.0,1973,UK
1937,36,0.0,1973,UK
1936,37,0.07692307692307698,1973,UK
1935,38,0.0,1973,UK
1934,39,0.0,1973,UK
1933,40,0.0,1973,UK
1932,41,0.0,1973,UK
1931,42,0.0,1973,UK
1930,43,0.0,1973,UK
1929,44,0.0,1973,UK
1958,16,0.02,1974,UK
1957,17,0.04081632653061224,1974,UK
1956,18,0.053191489361702135,1974,UK
1955,19,0.06818181818181818,1974,UK
1954,20,0.07317073170731707,1974,UK
1953,21,0.08108108108108109,1974,UK
1952,22,0.08955223880597016,1974,UK
1951,23,0.1,1974,UK
1950,24,0.11320754716981142,1974,UK
1949,25,0.13333333333333322,1974,UK
1948,26,0.1578947368421054,1974,UK
1947,27,0.12499999999999978,1974,UK
1946,28,0.1250000000000001,1974,UK
1945,29,0.1428571428571425,1974,UK
1944,30,0.11111111111111117,1974,UK
1943,31,0.05882352941176475,1974,UK
1942,32,0.06666666666666672,1974,UK
1941,33,0.07142857142857148,1974,UK
1940,34,0.0,1974,UK
1939,35,0.0,1974,UK
1938,36,0.07692307692307698,1974,UK
1937,37,0.0,1974,UK
1936,38,0.0,1974,UK
1935,39,0.0,1974,UK
1934,40,0.0,1974,UK
1933,41,0.0,1974,UK
1932,42,0.0,1974,UK
1931,43,0.0,1974,UK
1930,44,0.0,1974,UK
1959,16,0.02,1975,UK
1958,17,0.030612244897959186,1975,UK
1957,18,0.053191489361702135,1975,UK
1956,19,0.05617977528089888,1975,UK
1955,20,0.060975609756097573,1975,UK
1954,21,0.07894736842105263,1975,UK
1953,22,0.08823529411764706,1975,UK
1952,23,0.09836065573770492,1975,UK
1951,24,0.1111111111111111,1975,UK
1950,25,0.12765957446808499,1975,UK
1949,26,0.1282051282051283,1975,UK
1948,27,0.12499999999999978,1975,UK
1947,28,0.14285714285714296,1975,UK
1946,29,0.1428571428571425,1975,UK
1945,30,0.11111111111111117,1975,UK
1944,31,0.06250000000000004,1975,UK
1943,32,0.06250000000000004,1975,UK
1942,33,0.07142857142857148,1975,UK
1941,34,0.07692307692307698,1975,UK
1940,35,0.07692307692307698,1975,UK
1939,36,0.07692307692307698,1975,UK
1938,37,0.0,1975,UK
1937,38,0.0,1975,UK
1936,39,0.0,1975,UK
1935,40,0.0,1975,UK
1934,41,0.08333333333333341,1975,UK
1933,42,0.0,1975,UK
1932,43,0.0,1975,UK
1931,44,0.0,1975,UK
1960,16,0.02,1976,UK
1959,17,0.020408163265306124,1976,UK
1958,18,0.04210526315789473,1976,UK
1957,19,0.04494382022471909,1976,UK
1956,20,0.07142857142857142,1976,UK
1955,21,0.07792207792207788,1976,UK
1954,22,0.07142857142857141,1976,UK
1953,23,0.08064516129032256,1976,UK
1952,24,0.09090909090909088,1976,UK
1951,25,0.10416666666666653,1976,UK
1950,26,0.12195121951219522,1976,UK
1949,27,0.1176470588235292,1976,UK
1948,28,0.14285714285714296,1976,UK
1947,29,0.08333333333333341,1976,UK
1946,30,0.11111111111111117,1976,UK
1945,31,0.06250000000000004,1976,UK
1944,32,0.06666666666666672,1976,UK
1943,33,0.06666666666666672,1976,UK
1942,34,0.0,1976,UK
1941,35,0.0,1976,UK
1940,36,0.0,1976,UK
1939,37,0.0,1976,UK
1938,38,0.0,1976,UK
1937,39,0.07692307692307698,1976,UK
1936,40,0.0,1976,UK
1935,41,0.0,1976,UK
1934,42,0.0,1976,UK
1933,43,0.0,1976,UK
1932,44,0.0,1976,UK
1961,16,0.01,1977,UK
1960,17,0.020408163265306124,1977,UK
1959,18,0.04166666666666667,1977,UK
1958,19,0.05494505494505496,1977,UK
1957,20,0.058823529411764726,1977,UK
1956,21,0.06410256410256412,1977,UK
1955,22,0.07042253521126768,1977,UK
1954,23,0.0923076923076923,1977,UK
1953,24,0.087719298245614,1977,UK
1952,25,0.1200000000000001,1977,UK
1951,26,0.11627906976744196,1977,UK
1950,27,0.11111111111111122,1977,UK
1949,28,0.13333333333333344,1977,UK
1948,29,0.1250000000000001,1977,UK
1947,30,0.1363636363636365,1977,UK
1946,31,0.12500000000000008,1977,UK
1945,32,0.13333333333333344,1977,UK
1944,33,0.07142857142857148,1977,UK
1943,34,0.07142857142857148,1977,UK
1942,35,0.07692307692307698,1977,UK
1941,36,0.0,1977,UK
1940,37,0.0,1977,UK
1939,38,0.0,1977,UK
1938,39,0.0,1977,UK
1937,40,0.0,1977,UK
1936,41,0.0,1977,UK
1935,42,0.0,1977,UK
1934,43,0.0,1977,UK
1933,44,0.0,1977,UK
1962,16,0.01,1978,UK
1961,17,0.030303030303030304,1978,UK
1960,18,0.04166666666666667,1978,UK
1959,19,0.05434782608695652,1978,UK
1958,20,0.058139534883720916,1978,UK
1957,21,0.075,1978,UK
1956,22,0.06849315068493149,1978,UK
1955,23,0.09090909090909091,1978,UK
1954,24,0.08474576271186447,1978,UK
1953,25,0.11538461538461549,1978,UK
1952,26,0.1136363636363635,1978,UK
1951,27,0.13157894736842116,1978,UK
1950,28,0.12499999999999978,1978,UK
1949,29,0.11538461538461549,1978,UK
1948,30,0.09523809523809534,1978,UK
1947,31,0.0526315789473679,1978,UK
1946,32,0.07142857142857148,1978,UK
1945,33,0.07692307692307698,1978,UK
1944,34,0.07692307692307698,1978,UK
1943,35,0.0,1978,UK
1942,36,0.0,1978,UK
1941,37,0.08333333333333341,1978,UK
1940,38,0.0,1978,UK
1939,39,0.0,1978,UK
1938,40,0.0,1978,UK
1937,41,0.0,1978,UK
1936,42,0.0,1978,UK
1935,43,0.0,1978,UK
1934,44,0.0,1978,UK
1963,16,0.01,1979,UK
1962,17,0.030303030303030304,1979,UK
1961,18,0.04166666666666667,1979,UK
1960,19,0.05434782608695652,1979,UK
1959,20,0.05747126436781608,1979,UK
1958,21,0.07407407407407407,1979,UK
1957,22,0.08108108108108109,1979,UK
1956,23,0.10294117647058826,1979,UK
1955,24,0.1,1979,UK
1954,25,0.1111111111111111,1979,UK
1953,26,0.13043478260869554,1979,UK
1952,27,0.1282051282051283,1979,UK
1951,28,0.121212121212121,1979,UK
1950,29,0.14285714285714296,1979,UK
1949,30,0.08695652173913052,1979,UK
1948,31,0.10526315789473638,1979,UK
1947,32,0.11111111111111117,1979,UK
1946,33,0.07692307692307698,1979,UK
1945,34,0.0,1979,UK
1944,35,0.0,1979,UK
1943,36,0.0,1979,UK
1942,37,0.0,1979,UK
1941,38,0.0,1979,UK
1940,39,0.08333333333333341,1979,UK
1939,40,0.0,1979,UK
1938,41,0.0,1979,UK
1937,42,0.0,1979,UK
1936,43,0.0,1979,UK
1935,44,0.0,1979,UK
1964,16,0.01,1980,UK
1963,17,0.030303030303030304,1980,UK
1962,18,0.04166666666666667,1980,UK
1961,19,0.05434782608695652,1980,UK
1960,20,0.05747126436781608,1980,UK
1959,21,0.07317073170731707,1980,UK
1958,22,0.08,1980,UK
1957,23,0.08823529411764706,1980,UK
1956,24,0.09836065573770492,1980,UK
1955,25,0.1111111111111111,1980,UK
1954,26,0.12499999999999989,1980,UK
1953,27,0.1250000000000001,1980,UK
1952,28,0.1176470588235292,1980,UK
1951,29,0.10344827586206905,1980,UK
1950,30,0.08333333333333341,1980,UK
1949,31,0.09523809523809534,1980,UK
1948,32,0.05882352941176475,1980,UK
1947,33,0.06250000000000004,1980,UK
1946,34,0.08333333333333341,1980,UK
1945,35,0.08333333333333341,1980,UK
1944,36,0.0,1980,UK
1943,37,0.07692307692307698,1980,UK
1942,38,0.0,1980,UK
1941,39,0.0,1980,UK
1940,40,0.0,1980,UK
1939,41,0.0,1980,UK
1938,42,0.08333333333333341,1980,UK
1937,43,0.0,1980,UK
1936,44,0.0,1980,UK
1965,16,0.01,1981,UK
1964,17,0.030303030303030304,1981,UK
1963,18,0.03125000000000001,1981,UK
1962,19,0.04347826086956521,1981,UK
1961,20,0.05747126436781608,1981,UK
1960,21,0.060975609756097573,1981,UK
1959,22,0.06578947368421051,1981,UK
1958,23,0.07246376811594202,1981,UK
1957,24,0.0967741935483871,1981,UK
1956,25,0.09090909090909088,1981,UK
1955,26,0.10416666666666653,1981,UK
1954,27,0.11904761904761914,1981,UK
1953,28,0.11428571428571407,1981,UK
1952,29,0.13333333333333344,1981,UK
1951,30,0.11538461538461549,1981,UK
1950,31,0.090909090909091,1981,UK
1949,32,0.10526315789473638,1981,UK
1948,33,0.06250000000000004,1981,UK
1947,34,0.0,1981,UK
1946,35,0.0,1981,UK
1945,36,0.0,1981,UK
1944,37,0.08333333333333341,1981,UK
1943,38,0.0,1981,UK
1942,39,0.0,1981,UK
1941,40,0.0,1981,UK
1940,41,0.0,1981,UK
1939,42,0.0,1981,UK
1938,43,0.0,1981,UK
1937,44,0.0,1981,UK
1966,16,0.01,1982,UK
1965,17,0.030303030303030304,1982,UK
1964,18,0.03125000000000001,1982,UK
1963,19,0.05376344086021505,1982,UK
1962,20,0.05681818181818184,1982,UK
1961,21,0.060975609756097573,1982,UK
1960,22,0.07792207792207788,1982,UK
1959,23,0.08450704225352113,1982,UK
1958,24,0.09375,1982,UK
1957,25,0.08928571428571426,1982,UK
1956,26,0.1200000000000001,1982,UK
1955,27,0.11627906976744196,1982,UK
1954,28,0.10810810810810821,1982,UK
1953,29,0.09677419354838716,1982,UK
1952,30,0.07692307692307698,1982,UK
1951,31,0.08695652173913052,1982,UK
1950,32,0.09999999999999956,1982,UK
1949,33,0.05882352941176475,1982,UK
1948,34,0.06666666666666672,1982,UK
1947,35,0.06666666666666672,1982,UK
1946,36,0.090909090909091,1982,UK
1945,37,0.090909090909091,1982,UK
1944,38,0.0,1982,UK
1943,39,0.0,1982,UK
1942,40,0.08333333333333341,1982,UK
1941,41,0.0,1982,UK
1940,42,0.0,1982,UK
1939,43,0.0,1982,UK
1938,44,0.0,1982,UK
1967,16,0.01,1983,UK
1966,17,0.0202020202020202,1983,UK
1965,18,0.03125000000000001,1983,UK
1964,19,0.04301075268817204,1983,UK
1963,20,0.04545454545454546,1983,UK
1962,21,0.06024096385542168,1983,UK
1961,22,0.06493506493506496,1983,UK
1960,23,0.07042253521126768,1983,UK
1959,24,0.07692307692307698,1983,UK
1958,25,0.0862068965517241,1983,UK
1957,26,0.09803921568627459,1983,UK
1956,27,0.09090909090909075,1983,UK
1955,28,0.10526315789473693,1983,UK
1954,29,0.09090909090909066,1983,UK
1953,30,0.10714285714285723,1983,UK
1952,31,0.08333333333333341,1983,UK
1951,32,0.04761904761904767,1983,UK
1950,33,0.05555555555555559,1983,UK
1949,34,0.06250000000000004,1983,UK
1948,35,0.07142857142857148,1983,UK
1947,36,0.0,1983,UK
1946,37,0.0,1983,UK
1945,38,0.0,1983,UK
1944,39,0.0,1983,UK
1943,40,0.0,1983,UK
1942,41,0.0,1983,UK
1941,42,0.0,1983,UK
1940,43,0.0,1983,UK
1939,44,0.0,1983,UK
1968,16,0.01,1984,UK
1967,17,0.030303030303030304,1984,UK
1966,18,0.04123711340206186,1984,UK
1965,19,0.04301075268817204,1984,UK
1964,20,0.04494382022471909,1984,UK
1963,21,0.059523809523809514,1984,UK
1962,22,0.06410256410256412,1984,UK
1961,23,0.06944444444444443,1984,UK
1960,24,0.07575757575757575,1984,UK
1959,25,0.1,1984,UK
1958,26,0.11320754716981142,1984,UK
1957,27,0.1086956521739129,1984,UK
1956,28,0.10000000000000009,1984,UK
1955,29,0.1176470588235292,1984,UK
1954,30,0.10000000000000007,1984,UK
1953,31,0.08000000000000007,1984,UK
1952,32,0.090909090909091,1984,UK
1951,33,0.05000000000000006,1984,UK
1950,34,0.05882352941176475,1984,UK
1949,35,0.0,1984,UK
1948,36,0.0,1984,UK
1947,37,0.07142857142857148,1984,UK
1946,38,0.0,1984,UK
1945,39,0.0,1984,UK
1944,40,0.0,1984,UK
1943,41,0.0,1984,UK
1942,42,0.0,1984,UK
1941,43,0.0,1984,UK
1940,44,0.0,1984,UK
1969,16,0.01,1985,UK
1968,17,0.030303030303030304,1985,UK
1967,18,0.03125000000000001,1985,UK
1966,19,0.04301075268817204,1985,UK
1965,20,0.04494382022471909,1985,UK
1964,21,0.058823529411764726,1985,UK
1963,22,0.06329113924050635,1985,UK
1962,23,0.06849315068493149,1985,UK
1961,24,0.07462686567164178,1985,UK
1960,25,0.09836065573770492,1985,UK
1959,26,0.09259259259259256,1985,UK
1958,27,0.08510638297872325,1985,UK
1957,28,0.09756097560975617,1985,UK
1956,29,0.11111111111111122,1985,UK
1955,30,0.10000000000000007,1985,UK
1954,31,0.07407407407407414,1985,UK
1953,32,0.08695652173913052,1985,UK
1952,33,0.05000000000000006,1985,UK
1951,34,0.0526315789473679,1985,UK
1950,35,0.0,1985,UK
1949,36,0.06666666666666672,1985,UK
1948,37,0.07692307692307698,1985,UK
1947,38,0.0,1985,UK
1946,39,0.0,1985,UK
1945,40,0.0,1985,UK
1944,41,0.0,1985,UK
1943,42,0.0,1985,UK
1942,43,0.0,1985,UK
1941,44,0.0,1985,UK
1970,16,0.02,1986,UK
1969,17,0.030303030303030304,1986,UK
1968,18,0.04166666666666667,1986,UK
1967,19,0.05376344086021505,1986,UK
1966,20,0.05617977528089888,1986,UK
1965,21,0.058823529411764726,1986,UK
1964,22,0.062499999999999986,1986,UK
1963,23,0.06756756756756756,1986,UK
1962,24,0.07352941176470587,1986,UK
1961,25,0.08064516129032256,1986,UK
1960,26,0.09090909090909088,1986,UK
1959,27,0.10204081632653071,1986,UK
1958,28,0.11627906976744196,1986,UK
1957,29,0.10810810810810821,1986,UK
1956,30,0.09374999999999975,1986,UK
1955,31,0.07407407407407414,1986,UK
1954,32,0.08000000000000007,1986,UK
1953,33,0.04761904761904767,1986,UK
1952,34,0.0526315789473679,1986,UK
1951,35,0.05555555555555559,1986,UK
1950,36,0.06250000000000004,1986,UK
1949,37,0.0,1986,UK
1948,38,0.0,1986,UK
1947,39,0.0,1986,UK
1946,40,0.10000000000000012,1986,UK
1945,41,0.0,1986,UK
1944,42,0.0,1986,UK
1943,43,0.0,1986,UK
1942,44,0.0,1986,UK
1971,16,0.02,1987,UK
1970,17,0.020408163265306124,1987,UK
1969,18,0.04166666666666667,1987,UK
1968,19,0.04347826086956521,1987,UK
1967,20,0.04545454545454546,1987,UK
1966,21,0.04761904761904763,1987,UK
1965,22,0.062499999999999986,1987,UK
1964,23,0.06666666666666665,1987,UK
1963,24,0.07246376811594202,1987,UK
1962,25,0.07936507936507935,1987,UK
1961,26,0.10526315789473682,1987,UK
1960,27,0.10000000000000009,1987,UK
1959,28,0.09090909090909075,1987,UK
1958,29,0.10526315789473693,1987,UK
1957,30,0.09090909090909066,1987,UK
1956,31,0.10344827586206905,1987,UK
1955,32,0.08000000000000007,1987,UK
1954,33,0.08695652173913052,1987,UK
1953,34,0.05000000000000006,1987,UK
1952,35,0.05555555555555559,1987,UK
1951,36,0.05882352941176475,1987,UK
1950,37,0.0,1987,UK
1949,38,0.07142857142857148,1987,UK
1948,39,0.0,1987,UK
1947,40,0.0,1987,UK
1946,41,0.0,1987,UK
1945,42,0.0,1987,UK
1944,43,0.0,1987,UK
1943,44,0.0,1987,UK
1972,16,0.02,1988,UK
1971,17,0.020408163265306124,1988,UK
1970,18,0.04166666666666667,1988,UK
1969,19,0.05434782608695652,1988,UK
1968,20,0.05681818181818184,1988,UK
1967,21,0.059523809523809514,1988,UK
1966,22,0.062499999999999986,1988,UK
1965,23,0.06666666666666665,1988,UK
1964,24,0.07142857142857141,1988,UK
1963,25,0.09375,1988,UK
1962,26,0.10344827586206895,1988,UK
1961,27,0.09803921568627459,1988,UK
1960,28,0.08888888888888873,1988,UK
1959,29,0.10000000000000009,1988,UK
1958,30,0.08823529411764681,1988,UK
1957,31,0.10000000000000007,1988,UK
1956,32,0.07692307692307698,1988,UK
1955,33,0.08695652173913052,1988,UK
1954,34,0.04761904761904767,1988,UK
1953,35,0.0526315789473679,1988,UK
1952,36,0.05882352941176475,1988,UK
1951,37,0.0,1988,UK
1950,38,0.06666666666666672,1988,UK
1949,39,0.0,1988,UK
1948,40,0.0,1988,UK
1947,41,0.0,1988,UK
1946,42,0.0,1988,UK
1945,43,0.0,1988,UK
1944,44,0.0,1988,UK
1973,16,0.02,1989,UK
1972,17,0.020408163265306124,1989,UK
1971,18,0.04166666666666667,1989,UK
1970,19,0.05434782608695652,1989,UK
1969,20,0.04597701149425288,1989,UK
1968,21,0.06024096385542168,1989,UK
1967,22,0.06329113924050635,1989,UK
1966,23,0.06666666666666665,1989,UK
1965,24,0.07142857142857141,1989,UK
1964,25,0.0923076923076923,1989,UK
1963,26,0.0862068965517241,1989,UK
1962,27,0.07692307692307698,1989,UK
1961,28,0.08695652173913028,1989,UK
1960,29,0.09756097560975617,1989,UK
1959,30,0.11111111111111122,1989,UK
1958,31,0.09677419354838716,1989,UK
1957,32,0.07407407407407414,1989,UK
1956,33,0.041666666666666706,1989,UK
1955,34,0.04761904761904767,1989,UK
1954,35,0.05000000000000006,1989,UK
1953,36,0.05555555555555559,1989,UK
1952,37,0.0,1989,UK
1951,38,0.06250000000000004,1989,UK
1950,39,0.0,1989,UK
1949,40,0.0,1989,UK
1948,41,0.0,1989,UK
1947,42,0.0,1989,UK
1946,43,0.0,1989,UK
1945,44,0.0,1989,UK
1974,16,0.02,1990,UK
1973,17,0.020408163265306124,1990,UK
1972,18,0.04166666666666667,1990,UK
1971,19,0.05434782608695652,1990,UK
1970,20,0.05747126436781608,1990,UK
1969,21,0.06024096385542168,1990,UK
1968,22,0.06410256410256412,1990,UK
1967,23,0.06756756756756756,1990,UK
1966,24,0.07142857142857141,1990,UK
1965,25,0.07692307692307698,1990,UK
1964,26,0.08474576271186447,1990,UK
1963,27,0.09433962264150951,1990,UK
1962,28,0.10416666666666653,1990,UK
1961,29,0.09523809523809532,1990,UK
1960,30,0.10810810810810821,1990,UK
1959,31,0.062499999999999716,1990,UK
1958,32,0.07142857142857148,1990,UK
1957,33,0.08000000000000007,1990,UK
1956,34,0.08695652173913052,1990,UK
1955,35,0.05000000000000006,1990,UK
1954,36,0.0526315789473679,1990,UK
1953,37,0.05882352941176475,1990,UK
1952,38,0.06250000000000004,1990,UK
1951,39,0.0,1990,UK
1950,40,0.0,1990,UK
1949,41,0.0,1990,UK
1948,42,0.08333333333333341,1990,UK
1947,43,0.0,1990,UK
1946,44,0.0,1990,UK
1975,16,0.02,1991,UK
1974,17,0.020408163265306124,1991,UK
1973,18,0.04166666666666667,1991,UK
1972,19,0.05434782608695652,1991,UK
1971,20,0.04597701149425288,1991,UK
1970,21,0.04878048780487806,1991,UK
1969,22,0.06410256410256412,1991,UK
1968,23,0.05479452054794518,1991,UK
1967,24,0.057971014492753596,1991,UK
1966,25,0.07692307692307698,1991,UK
1965,26,0.08333333333333331,1991,UK
1964,27,0.07407407407407403,1991,UK
1963,28,0.08333333333333341,1991,UK
1962,29,0.09302325581395356,1991,UK
1961,30,0.10526315789473693,1991,UK
1960,31,0.09090909090909066,1991,UK
1959,32,0.10000000000000007,1991,UK
1958,33,0.07692307692307698,1991,UK
1957,34,0.04347826086956526,1991,UK
1956,35,0.04761904761904767,1991,UK
1955,36,0.0526315789473679,1991,UK
1954,37,0.0,1991,UK
1953,38,0.0,1991,UK
1952,39,0.0,1991,UK
1951,40,0.0,1991,UK
1950,41,0.0,1991,UK
1949,42,0.0,1991,UK
1948,43,0.0,1991,UK
1947,44,0.07692307692307698,1991,UK
1976,16,0.02,1992,UK
1975,17,0.020408163265306124,1992,UK
1974,18,0.04166666666666667,1992,UK
1973,19,0.05434782608695652,1992,UK
1972,20,0.04597701149425288,1992,UK
1971,21,0.06024096385542168,1992,UK
1970,22,0.05128205128205129,1992,UK
1969,23,0.05479452054794518,1992,UK
1968,24,0.07246376811594202,1992,UK
1967,25,0.07692307692307698,1992,UK
1966,26,0.08333333333333331,1992,UK
1965,27,0.09090909090909088,1992,UK
1964,28,0.10000000000000009,1992,UK
1963,29,0.09090909090909075,1992,UK
1962,30,0.10256410256410266,1992,UK
1961,31,0.05882352941176476,1992,UK
1960,32,0.06666666666666672,1992,UK
1959,33,0.07407407407407414,1992,UK
1958,34,0.041666666666666706,1992,UK
1957,35,0.0454545454545455,1992,UK
1956,36,0.05000000000000006,1992,UK
1955,37,0.0,1992,UK
1954,38,0.05555555555555559,1992,UK
1953,39,0.06250000000000004,1992,UK
1952,40,0.0,1992,UK
1951,41,0.0,1992,UK
1950,42,0.0,1992,UK
1949,43,0.0,1992,UK
1948,44,0.0,1992,UK
1977,16,0.02,1993,UK
1976,17,0.020408163265306124,1993,UK
1975,18,0.04166666666666667,1993,UK
1974,19,0.04347826086956521,1993,UK
1973,20,0.04597701149425288,1993,UK
1972,21,0.04819277108433733,1993,UK
1971,22,0.05128205128205129,1993,UK
1970,23,0.06756756756756756,1993,UK
1969,24,0.057971014492753596,1993,UK
1968,25,0.06250000000000006,1993,UK
1967,26,0.08333333333333331,1993,UK
1966,27,0.09090909090909088,1993,UK
1965,28,0.08000000000000007,1993,UK
1964,29,0.08888888888888873,1993,UK
1963,30,0.10000000000000009,1993,UK
1962,31,0.0857142857142858,1993,UK
1961,32,0.09374999999999975,1993,UK
1960,33,0.07142857142857148,1993,UK
1959,34,0.040000000000000036,1993,UK
1958,35,0.04347826086956526,1993,UK
1957,36,0.04761904761904767,1993,UK
1956,37,0.0,1993,UK
1955,38,0.05555555555555559,1993,UK
1954,39,0.0,1993,UK
1953,40,0.0,1993,UK
1952,41,0.0,1993,UK
1951,42,0.0,1993,UK
1950,43,0.0,1993,UK
1949,44,0.0,1993,UK
1978,16,0.02,1994,UK
1977,17,0.020408163265306124,1994,UK
1976,18,0.04166666666666667,1994,UK
1975,19,0.04347826086956521,1994,UK
1974,20,0.05681818181818184,1994,UK
1973,21,0.04819277108433733,1994,UK
1972,22,0.05063291139240507,1994,UK
1971,23,0.05405405405405403,1994,UK
1970,24,0.057971014492753596,1994,UK
1969,25,0.07692307692307698,1994,UK
1968,26,0.08333333333333331,1994,UK
1967,27,0.09090909090909088,1994,UK
1966,28,0.08000000000000007,1994,UK
1965,29,0.08695652173913028,1994,UK
1964,30,0.09756097560975617,1994,UK
1963,31,0.08333333333333341,1994,UK
1962,32,0.062499999999999716,1994,UK
1961,33,0.06896551724137936,1994,UK
1960,34,0.03846153846153849,1994,UK
1959,35,0.041666666666666706,1994,UK
1958,36,0.0454545454545455,1994,UK
1957,37,0.05000000000000006,1994,UK
1956,38,0.0526315789473679,1994,UK
1955,39,0.0,1994,UK
1954,40,0.0,1994,UK
1953,41,0.0,1994,UK
1952,42,0.0,1994,UK
1951,43,0.0,1994,UK
1950,44,0.0,1994,UK
1979,16,0.02,1995,UK
1978,17,0.020408163265306124,1995,UK
1977,18,0.04166666666666667,1995,UK
1976,19,0.04347826086956521,1995,UK
1975,20,0.04545454545454546,1995,UK
1974,21,0.03614457831325301,1995,UK
1973,22,0.03797468354430379,1995,UK
1972,23,0.05333333333333331,1995,UK
1971,24,0.0571428571428572,1995,UK
1970,25,0.06153846153846159,1995,UK
1969,26,0.06666666666666664,1995,UK
1968,27,0.09090909090909088,1995,UK
1967,28,0.08000000000000007,1995,UK
1966,29,0.08695652173913028,1995,UK
1965,30,0.09523809523809532,1995,UK
1964,31,0.08108108108108115,1995,UK
1963,32,0.09090909090909066,1995,UK
1962,33,0.06666666666666672,1995,UK
1961,34,0.03703703703703707,1995,UK
1960,35,0.08000000000000007,1995,UK
1959,36,0.04347826086956526,1995,UK
1958,37,0.04761904761904767,1995,UK
1957,38,0.0,1995,UK
1956,39,0.0,1995,UK
1955,40,0.05882352941176475,1995,UK
1954,41,0.05882352941176475,1995,UK
1953,42,0.0,1995,UK
1952,43,0.0,1995,UK
1951,44,0.06666666666666672,1995,UK
1980,16,0.02,1996,UK
1979,17,0.030612244897959186,1996,UK
1978,18,0.04166666666666667,1996,UK
1977,19,0.04347826086956521,1996,UK
1976,20,0.04545454545454546,1996,UK
1975,21,0.04761904761904763,1996,UK
1974,22,0.049999999999999975,1996,UK
1973,23,0.05263157894736847,1996,UK
1972,24,0.056338028169014134,1996,UK
1971,25,0.06060606060606058,1996,UK
1970,26,0.08196721311475408,1996,UK
1969,27,0.08928571428571426,1996,UK
1968,28,0.08000000000000007,1996,UK
1967,29,0.08695652173913028,1996,UK
1966,30,0.09523809523809532,1996,UK
1965,31,0.10526315789473693,1996,UK
1964,32,0.08823529411764681,1996,UK
1963,33,0.06666666666666672,1996,UK
1962,34,0.07142857142857148,1996,UK
1961,35,0.07692307692307698,1996,UK
1960,36,0.04347826086956526,1996,UK
1959,37,0.0454545454545455,1996,UK
1958,38,0.0,1996,UK
1957,39,0.0526315789473679,1996,UK
1956,40,0.05555555555555559,1996,UK
1955,41,0.0,1996,UK
1954,42,0.0,1996,UK
1953,43,0.0,1996,UK
1952,44,0.06666666666666672,1996,UK
1981,16,0.010101010101010102,1997,UK
1980,17,0.030612244897959186,1997,UK
1979,18,0.031578947368421054,1997,UK
1978,19,0.04347826086956521,1997,UK
1977,20,0.05681818181818184,1997,UK
1976,21,0.04761904761904763,1997,UK
1975,22,0.049999999999999975,1997,UK
1974,23,0.05263157894736847,1997,UK
1973,24,0.05555555555555553,1997,UK
1972,25,0.05970149253731341,1997,UK
1971,26,0.08064516129032256,1997,UK
1970,27,0.07142857142857138,1997,UK
1969,28,0.07843137254901968,1997,UK
1968,29,0.08695652173913028,1997,UK
1967,30,0.09523809523809532,1997,UK
1966,31,0.10526315789473693,1997,UK
1965,32,0.05882352941176476,1997,UK
1964,33,0.0645161290322581,1997,UK
1963,34,0.03571428571428574,1997,UK
1962,35,0.03846153846153849,1997,UK
1961,36,0.041666666666666706,1997,UK
1960,37,0.0454545454545455,1997,UK
1959,38,0.04761904761904767,1997,UK
1958,39,0.05000000000000006,1997,UK
1957,40,0.0,1997,UK
1956,41,0.0,1997,UK
1955,42,0.0,1997,UK
1954,43,0.0,1997,UK
1953,44,0.0,1997,UK
1982,16,0.010101010101010102,1998,UK
1981,17,0.030612244897959186,1998,UK
1980,18,0.04210526315789473,1998,UK
1979,19,0.05434782608695652,1998,UK
1978,20,0.05681818181818184,1998,UK
1977,21,0.04819277108433733,1998,UK
1976,22,0.049999999999999975,1998,UK
1975,23,0.05263157894736847,1998,UK
1974,24,0.05555555555555553,1998,UK
1973,25,0.058823529411764684,1998,UK
1972,26,0.06349206349206346,1998,UK
1971,27,0.07017543859649118,1998,UK
1970,28,0.09615384615384624,1998,UK
1969,29,0.08510638297872325,1998,UK
1968,30,0.09523809523809532,1998,UK
1967,31,0.0789473684210527,1998,UK
1966,32,0.05882352941176476,1998,UK
1965,33,0.09374999999999975,1998,UK
1964,34,0.06896551724137936,1998,UK
1963,35,0.07407407407407414,1998,UK
1962,36,0.08000000000000007,1998,UK
1961,37,0.04347826086956526,1998,UK
1960,38,0.0,1998,UK
1959,39,0.0,1998,UK
1958,40,0.0,1998,UK
1957,41,0.0,1998,UK
1956,42,0.0,1998,UK
1955,43,0.0,1998,UK
1954,44,0.0,1998,UK
1983,16,0.02,1999,UK
1982,17,0.030612244897959186,1999,UK
1981,18,0.04210526315789473,1999,UK
1980,19,0.043956043956043966,1999,UK
1979,20,0.04597701149425288,1999,UK
1978,21,0.04819277108433733,1999,UK
1977,22,0.05063291139240507,1999,UK
1976,23,0.05263157894736847,1999,UK
1975,24,0.04166666666666663,1999,UK
1974,25,0.058823529411764684,1999,UK
1973,26,0.06250000000000006,1999,UK
1972,27,0.08474576271186447,1999,UK
1971,28,0.07547169811320761,1999,UK
1970,29,0.08510638297872325,1999,UK
1969,30,0.11627906976744196,1999,UK
1968,31,0.10526315789473693,1999,UK
1967,32,0.0857142857142858,1999,UK
1966,33,0.09374999999999975,1999,UK
1965,34,0.06896551724137936,1999,UK
1964,35,0.03703703703703707,1999,UK
1963,36,0.040000000000000036,1999,UK
1962,37,0.04347826086956526,1999,UK
1961,38,0.0454545454545455,1999,UK
1960,39,0.04761904761904767,1999,UK
1959,40,0.05000000000000006,1999,UK
1958,41,0.0526315789473679,1999,UK
1957,42,0.05555555555555559,1999,UK
1956,43,0.0,1999,UK
1955,44,0.0,1999,UK
1984,16,0.02,2000,UK
1983,17,0.020408163265306124,2000,UK
1982,18,0.04210526315789473,2000,UK
1981,19,0.043956043956043966,2000,UK
1980,20,0.04597701149425288,2000,UK
1979,21,0.04819277108433733,2000,UK
1978,22,0.03797468354430379,2000,UK
1977,23,0.040000000000000036,2000,UK
1976,24,0.05555555555555553,2000,UK
1975,25,0.057971014492753596,2000,UK
1974,26,0.06250000000000006,2000,UK
1973,27,0.08333333333333331,2000,UK
1972,28,0.07407407407407403,2000,UK
1971,29,0.10204081632653071,2000,UK
1970,30,0.09302325581395356,2000,UK
1969,31,0.0789473684210527,2000,UK
1968,32,0.08823529411764681,2000,UK
1967,33,0.09374999999999975,2000,UK
1966,34,0.06896551724137936,2000,UK
1965,35,0.03703703703703707,2000,UK
1964,36,0.07692307692307698,2000,UK
1963,37,0.041666666666666706,2000,UK
1962,38,0.0,2000,UK
1961,39,0.0,2000,UK
1960,40,0.0,2000,UK
1959,41,0.0,2000,UK
1958,42,0.0,2000,UK
1957,43,0.0,2000,UK
1956,44,0.0,2000,UK
1985,16,0.02,2001,UK
1984,17,0.020408163265306124,2001,UK
1983,18,0.04166666666666667,2001,UK
1982,19,0.043956043956043966,2001,UK
1981,20,0.04597701149425288,2001,UK
1980,21,0.04819277108433733,2001,UK
1979,22,0.05063291139240507,2001,UK
1978,23,0.05263157894736847,2001,UK
1977,24,0.05555555555555553,2001,UK
1976,25,0.04411764705882349,2001,UK
1975,26,0.06153846153846159,2001,UK
1974,27,0.06666666666666664,2001,UK
1973,28,0.07272727272727268,2001,UK
1972,29,0.08000000000000007,2001,UK
1971,30,0.09090909090909075,2001,UK
1970,31,0.10256410256410266,2001,UK
1969,32,0.0857142857142858,2001,UK
1968,33,0.0645161290322581,2001,UK
1967,34,0.06896551724137936,2001,UK
1966,35,0.03703703703703707,2001,UK
1965,36,0.07692307692307698,2001,UK
1964,37,0.041666666666666706,2001,UK
1963,38,0.04347826086956526,2001,UK
1962,39,0.0454545454545455,2001,UK
1961,40,0.04761904761904767,2001,UK
1960,41,0.05000000000000006,2001,UK
1959,42,0.0,2001,UK
1958,43,0.0,2001,UK
1957,44,0.0,2001,UK
1986,16,0.02,2002,UK
1985,17,0.020408163265306124,2002,UK
1984,18,0.04166666666666667,2002,UK
1983,19,0.04347826086956521,2002,UK
1982,20,0.04597701149425288,2002,UK
1981,21,0.04819277108433733,2002,UK
1980,22,0.05063291139240507,2002,UK
1979,23,0.040000000000000036,2002,UK
1978,24,0.04166666666666663,2002,UK
1977,25,0.04411764705882349,2002,UK
1976,26,0.06153846153846159,2002,UK
1975,27,0.06557377049180324,2002,UK
1974,28,0.07142857142857138,2002,UK
1973,29,0.07843137254901968,2002,UK
1972,30,0.08695652173913028,2002,UK
1971,31,0.10000000000000009,2002,UK
1970,32,0.0857142857142858,2002,UK
1969,33,0.09374999999999975,2002,UK
1968,34,0.06896551724137936,2002,UK
1967,35,0.03703703703703707,2002,UK
1966,36,0.07692307692307698,2002,UK
1965,37,0.041666666666666706,2002,UK
1964,38,0.04347826086956526,2002,UK
1963,39,0.0454545454545455,2002,UK
1962,40,0.0,2002,UK
1961,41,0.0,2002,UK
1960,42,0.0,2002,UK
1959,43,0.0,2002,UK
1958,44,0.0,2002,UK
1987,16,0.01,2003,UK
1986,17,0.020408163265306124,2003,UK
1985,18,0.04166666666666667,2003,UK
1984,19,0.04347826086956521,2003,UK
1983,20,0.04545454545454546,2003,UK
1982,21,0.04819277108433733,2003,UK
1981,22,0.05063291139240507,2003,UK
1980,23,0.040000000000000036,2003,UK
1979,24,0.05555555555555553,2003,UK
1978,25,0.057971014492753596,2003,UK
1977,26,0.06153846153846159,2003,UK
1976,27,0.06557377049180324,2003,UK
1975,28,0.07017543859649118,2003,UK
1974,29,0.09615384615384624,2003,UK
1973,30,0.08510638297872325,2003,UK
1972,31,0.09523809523809532,2003,UK
1971,32,0.08333333333333341,2003,UK
1970,33,0.09374999999999975,2003,UK
1969,34,0.06896551724137936,2003,UK
1968,35,0.07407407407407414,2003,UK
1967,36,0.07692307692307698,2003,UK
1966,37,0.041666666666666706,2003,UK
1965,38,0.04347826086956526,2003,UK
1964,39,0.0,2003,UK
1963,40,0.0,2003,UK
1962,41,0.04761904761904767,2003,UK
1961,42,0.0,2003,UK
1960,43,0.0,2003,UK
1959,44,0.0,2003,UK
1988,16,0.01,2004,UK
1987,17,0.030303030303030304,2004,UK
1986,18,0.04166666666666667,2004,UK
1985,19,0.03260869565217391,2004,UK
1984,20,0.04545454545454546,2004,UK
1983,21,0.04761904761904763,2004,UK
1982,22,0.03797468354430379,2004,UK
1981,23,0.040000000000000036,2004,UK
1980,24,0.05555555555555553,2004,UK
1979,25,0.058823529411764684,2004,UK
1978,26,0.06153846153846159,2004,UK
1977,27,0.08196721311475408,2004,UK
1976,28,0.087719298245614,2004,UK
1975,29,0.09433962264150951,2004,UK
1974,30,0.08510638297872325,2004,UK
1973,31,0.09302325581395356,2004,UK
1972,32,0.10526315789473693,2004,UK
1971,33,0.09090909090909066,2004,UK
1970,34,0.06896551724137936,2004,UK
1969,35,0.07407407407407414,2004,UK
1968,36,0.08000000000000007,2004,UK
1967,37,0.041666666666666706,2004,UK
1966,38,0.04347826086956526,2004,UK
1965,39,0.0,2004,UK
1964,40,0.0454545454545455,2004,UK
1963,41,0.0,2004,UK
1962,42,0.0,2004,UK
1961,43,0.0,2004,UK
1960,44,0.0,2004,UK
1989,16,0.01,2005,UK
1988,17,0.030303030303030304,2005,UK
1987,18,0.03125000000000001,2005,UK
1986,19,0.03260869565217391,2005,UK
1985,20,0.04494382022471909,2005,UK
1984,21,0.04761904761904763,2005,UK
1983,22,0.049999999999999975,2005,UK
1982,23,0.05263157894736847,2005,UK
1981,24,0.05555555555555553,2005,UK
1980,25,0.058823529411764684,2005,UK
1979,26,0.06250000000000006,2005,UK
1978,27,0.06557377049180324,2005,UK
1977,28,0.07142857142857138,2005,UK
1976,29,0.07692307692307698,2005,UK
1975,30,0.08333333333333341,2005,UK
1974,31,0.11627906976744196,2005,UK
1973,32,0.10256410256410266,2005,UK
1972,33,0.08823529411764681,2005,UK
1971,34,0.10000000000000007,2005,UK
1970,35,0.07407407407407414,2005,UK
1969,36,0.08000000000000007,2005,UK
1968,37,0.04347826086956526,2005,UK
1967,38,0.04347826086956526,2005,UK
1966,39,0.0454545454545455,2005,UK
1965,40,0.0454545454545455,2005,UK
1964,41,0.0,2005,UK
1963,42,0.04761904761904767,2005,UK
1962,43,0.0,2005,UK
1961,44,0.0,2005,UK
1990,16,0.01,2006,UK
1989,17,0.030303030303030304,2006,UK
1988,18,0.03125000000000001,2006,UK
1987,19,0.04301075268817204,2006,UK
1986,20,0.05617977528089888,2006,UK
1985,21,0.04705882352941178,2006,UK
1984,22,0.049999999999999975,2006,UK
1983,23,0.05263157894736847,2006,UK
1982,24,0.05555555555555553,2006,UK
1981,25,0.058823529411764684,2006,UK
1980,26,0.06250000000000006,2006,UK
1979,27,0.06666666666666664,2006,UK
1978,28,0.087719298245614,2006,UK
1977,29,0.09615384615384624,2006,UK
1976,30,0.10416666666666653,2006,UK
1975,31,0.1136363636363635,2006,UK
1974,32,0.10526315789473693,2006,UK
1973,33,0.0857142857142858,2006,UK
1972,34,0.0645161290322581,2006,UK
1971,35,0.07407407407407414,2006,UK
1970,36,0.08000000000000007,2006,UK
1969,37,0.04347826086956526,2006,UK
1968,38,0.0454545454545455,2006,UK
1967,39,0.0454545454545455,2006,UK
1966,40,0.0,2006,UK
1965,41,0.0,2006,UK
1964,42,0.0,2006,UK
1963,43,0.0,2006,UK
1962,44,0.0,2006,UK
1991,16,0.01,2007,UK
1990,17,0.030303030303030304,2007,UK
1989,18,0.03125000000000001,2007,UK
1988,19,0.04301075268817204,2007,UK
1987,20,0.04494382022471909,2007,UK
1986,21,0.04761904761904763,2007,UK
1985,22,0.04938271604938272,2007,UK
1984,23,0.03947368421052635,2007,UK
1983,24,0.05555555555555553,2007,UK
1982,25,0.058823529411764684,2007,UK
1981,26,0.06250000000000006,2007,UK
1980,27,0.06666666666666664,2007,UK
1979,28,0.08928571428571426,2007,UK
1978,29,0.09615384615384624,2007,UK
1977,30,0.10638297872340412,2007,UK
1976,31,0.11627906976744196,2007,UK
1975,32,0.10256410256410266,2007,UK
1974,33,0.08823529411764681,2007,UK
1973,34,0.09374999999999975,2007,UK
1972,35,0.10344827586206905,2007,UK
1971,36,0.08000000000000007,2007,UK
1970,37,0.08695652173913052,2007,UK
1969,38,0.0454545454545455,2007,UK
1968,39,0.04761904761904767,2007,UK
1967,40,0.04761904761904767,2007,UK
1966,41,0.04761904761904767,2007,UK
1965,42,0.04761904761904767,2007,UK
1964,43,0.04761904761904767,2007,UK
1963,44,0.0,2007,UK
1992,16,0.01,2008,UK
1991,17,0.0202020202020202,2008,UK
1990,18,0.03125000000000001,2008,UK
1989,19,0.04301075268817204,2008,UK
1988,20,0.04494382022471909,2008,UK
1987,21,0.058823529411764726,2008,UK
1986,22,0.049999999999999975,2008,UK
1985,23,0.05194805194805196,2008,UK
1984,24,0.05479452054794518,2008,UK
1983,25,0.058823529411764684,2008,UK
1982,26,0.07812499999999999,2008,UK
1981,27,0.08333333333333331,2008,UK
1980,28,0.08928571428571426,2008,UK
1979,29,0.09803921568627459,2008,UK
1978,30,0.10638297872340412,2008,UK
1977,31,0.11904761904761914,2008,UK
1976,32,0.10526315789473693,2008,UK
1975,33,0.11428571428571407,2008,UK
1974,34,0.09677419354838716,2008,UK
1973,35,0.10344827586206905,2008,UK
1972,36,0.07692307692307698,2008,UK
1971,37,0.04347826086956526,2008,UK
1970,38,0.04761904761904767,2008,UK
1969,39,0.04761904761904767,2008,UK
1968,40,0.05000000000000006,2008,UK
1967,41,0.0,2008,UK
1966,42,0.0,2008,UK
1965,43,0.0,2008,UK
1964,44,0.0,2008,UK
1993,16,0.01,2009,UK
1992,17,0.0202020202020202,2009,UK
1991,18,0.04123711340206186,2009,UK
1990,19,0.04301075268817204,2009,UK
1989,20,0.04494382022471909,2009,UK
1988,21,0.04705882352941178,2009,UK
1987,22,0.049999999999999975,2009,UK
1986,23,0.03947368421052635,2009,UK
1985,24,0.05479452054794518,2009,UK
1984,25,0.057971014492753596,2009,UK
1983,26,0.06250000000000006,2009,UK
1982,27,0.06779661016949158,2009,UK
1981,28,0.09090909090909088,2009,UK
1980,29,0.09803921568627459,2009,UK
1979,30,0.1086956521739129,2009,UK
1978,31,0.09523809523809532,2009,UK
1977,32,0.10810810810810821,2009,UK
1976,33,0.08823529411764681,2009,UK
1975,34,0.0645161290322581,2009,UK
1974,35,0.07142857142857148,2009,UK
1973,36,0.07692307692307698,2009,UK
1972,37,0.08333333333333341,2009,UK
1971,38,0.090909090909091,2009,UK
1970,39,0.05000000000000006,2009,UK
1969,40,0.05000000000000006,2009,UK
1968,41,0.0,2009,UK
1967,42,0.0,2009,UK
1966,43,0.0,2009,UK
1965,44,0.0,2009,UK
1994,16,0.01,2010,UK
1993,17,0.0202020202020202,2010,UK
1992,18,0.030927835051546393,2010,UK
1991,19,0.03225806451612903,2010,UK
1990,20,0.04494382022471909,2010,UK
1989,21,0.04705882352941178,2010,UK
1988,22,0.04938271604938272,2010,UK
1987,23,0.05263157894736847,2010,UK
1986,24,0.06849315068493149,2010,UK
1985,25,0.057971014492753596,2010,UK
1984,26,0.07692307692307698,2010,UK
1983,27,0.08333333333333331,2010,UK
1982,28,0.09090909090909088,2010,UK
1981,29,0.10000000000000009,2010,UK
1980,30,0.1086956521739129,2010,UK
1979,31,0.09756097560975617,2010,UK
1978,32,0.13157894736842116,2010,UK
1977,33,0.09090909090909066,2010,UK
1976,34,0.09677419354838716,2010,UK
1975,35,0.10344827586206905,2010,UK
1974,36,0.11538461538461549,2010,UK
1973,37,0.041666666666666706,2010,UK
1972,38,0.0454545454545455,2010,UK
1971,39,0.05000000000000006,2010,UK
1970,40,0.0526315789473679,2010,UK
1969,41,0.0,2010,UK
1968,42,0.0526315789473679,2010,UK
1967,43,0.0,2010,UK
1966,44,0.0,2010,UK
1995,16,0.01,2011,UK
1994,17,0.0202020202020202,2011,UK
1993,18,0.030927835051546393,2011,UK
1992,19,0.031914893617021274,2011,UK
1991,20,0.04444444444444445,2011,UK
1990,21,0.03529411764705882,2011,UK
1989,22,0.04938271604938272,2011,UK
1988,23,0.05194805194805196,2011,UK
1987,24,0.05555555555555553,2011,UK
1986,25,0.058823529411764684,2011,UK
1985,26,0.07692307692307698,2011,UK
1984,27,0.08333333333333331,2011,UK
1983,28,0.09090909090909088,2011,UK
1982,29,0.10000000000000009,2011,UK
1981,30,0.11111111111111098,2011,UK
1980,31,0.12195121951219522,2011,UK
1979,32,0.13513513513513525,2011,UK
1978,33,0.09090909090909066,2011,UK
1977,34,0.10000000000000007,2011,UK
1976,35,0.10714285714285723,2011,UK
1975,36,0.07692307692307698,2011,UK
1974,37,0.04347826086956526,2011,UK
1973,38,0.08695652173913052,2011,UK
1972,39,0.04761904761904767,2011,UK
1971,40,0.0,2011,UK
1970,41,0.0,2011,UK
1969,42,0.0526315789473679,2011,UK
1968,43,0.0,2011,UK
1967,44,0.0,2011,UK
1996,16,0.01,2012,UK
1995,17,0.010101010101010102,2012,UK
1994,18,0.02061855670103093,2012,UK
1993,19,0.031914893617021274,2012,UK
1992,20,0.03296703296703297,2012,UK
1991,21,0.03488372093023256,2012,UK
1990,22,0.04878048780487806,2012,UK
1989,23,0.03896103896103896,2012,UK
1988,24,0.05479452054794518,2012,UK
1987,25,0.058823529411764684,2012,UK
1986,26,0.06250000000000006,2012,UK
1985,27,0.06666666666666664,2012,UK
1984,28,0.07272727272727268,2012,UK
1983,29,0.08000000000000007,2012,UK
1982,30,0.08888888888888873,2012,UK
1981,31,0.10000000000000009,2012,UK
1980,32,0.11111111111111122,2012,UK
1979,33,0.09374999999999975,2012,UK
1978,34,0.10000000000000007,2012,UK
1977,35,0.1111111111111112,2012,UK
1976,36,0.08000000000000007,2012,UK
1975,37,0.08333333333333341,2012,UK
1974,38,0.0454545454545455,2012,UK
1973,39,0.04761904761904767,2012,UK
1972,40,0.0,2012,UK
1971,41,0.0526315789473679,2012,UK
1970,42,0.0,2012,UK
1969,43,0.0,2012,UK
1968,44,0.0,2012,UK
1997,16,0.01,2013,UK
1996,17,0.010101010101010102,2013,UK
1995,18,0.020408163265306124,2013,UK
1994,19,0.021052631578947375,2013,UK
1993,20,0.021978021978021983,2013,UK
1992,21,0.03409090909090909,2013,UK
1991,22,0.03614457831325301,2013,UK
1990,23,0.03846153846153846,2013,UK
1989,24,0.05405405405405403,2013,UK
1988,25,0.057971014492753596,2013,UK
1987,26,0.06250000000000006,2013,UK
1986,27,0.06666666666666664,2013,UK
1985,28,0.07142857142857138,2013,UK
1984,29,0.07843137254901968,2013,UK
1983,30,0.08695652173913028,2013,UK
1982,31,0.09756097560975617,2013,UK
1981,32,0.11111111111111122,2013,UK
1980,33,0.09374999999999975,2013,UK
1979,34,0.10344827586206905,2013,UK
1978,35,0.1111111111111112,2013,UK
1977,36,0.08333333333333341,2013,UK
1976,37,0.04347826086956526,2013,UK
1975,38,0.0454545454545455,2013,UK
1974,39,0.04761904761904767,2013,UK
1973,40,0.0,2013,UK
1972,41,0.05000000000000006,2013,UK
1971,42,0.0,2013,UK
1970,43,0.0,2013,UK
1969,44,0.0,2013,UK
1998,16,0.01,2014,UK
1997,17,0.010101010101010102,2014,UK
1996,18,0.020408163265306124,2014,UK
1995,19,0.03125000000000001,2014,UK
1994,20,0.03225806451612903,2014,UK
1993,21,0.03370786516853934,2014,UK
1992,22,0.03529411764705882,2014,UK
1991,23,0.0375,2014,UK
1990,24,0.040000000000000036,2014,UK
1989,25,0.0428571428571429,2014,UK
1988,26,0.04615384615384619,2014,UK
1987,27,0.06666666666666664,2014,UK
1986,28,0.07142857142857138,2014,UK
1985,29,0.07692307692307698,2014,UK
1984,30,0.08510638297872325,2014,UK
1983,31,0.09523809523809532,2014,UK
1982,32,0.10810810810810821,2014,UK
1981,33,0.09374999999999975,2014,UK
1980,34,0.10344827586206905,2014,UK
1979,35,0.07692307692307698,2014,UK
1978,36,0.08333333333333341,2014,UK
1977,37,0.0454545454545455,2014,UK
1976,38,0.090909090909091,2014,UK
1975,39,0.04761904761904767,2014,UK
1974,40,0.05000000000000006,2014,UK
1973,41,0.05000000000000006,2014,UK
1972,42,0.0,2014,UK
1971,43,0.0,2014,UK
1970,44,0.05555555555555559,2014,UK
1999,16,0.01,2015,UK
1998,17,0.010101010101010102,2015,UK
1997,18,0.01020408163265306,2015,UK
1996,19,0.020833333333333332,2015,UK
1995,20,0.021505376344086013,2015,UK
1994,21,0.03333333333333333,2015,UK
1993,22,0.03488372093023256,2015,UK
1992,23,0.036585365853658534,2015,UK
1991,24,0.03896103896103896,2015,UK
1990,25,0.05555555555555553,2015,UK
1989,26,0.05970149253731341,2015,UK
1988,27,0.08064516129032256,2015,UK
1987,28,0.07142857142857138,2015,UK
1986,29,0.07692307692307698,2015,UK
1985,30,0.10416666666666653,2015,UK
1984,31,0.11627906976744196,2015,UK
1983,32,0.10526315789473693,2015,UK
1982,33,0.121212121212121,2015,UK
1981,34,0.10344827586206905,2015,UK
1980,35,0.07692307692307698,2015,UK
1979,36,0.08333333333333341,2015,UK
1978,37,0.0454545454545455,2015,UK
1977,38,0.04761904761904767,2015,UK
1976,39,0.05000000000000006,2015,UK
1975,40,0.05000000000000006,2015,UK
1974,41,0.0,2015,UK
1973,42,0.0,2015,UK
1972,43,0.0,2015,UK
1971,44,0.0,2015,UK
2000,16,0.01,2016,UK
1999,17,0.010101010101010102,2016,UK
1998,18,0.01020408163265306,2016,UK
1997,19,0.030927835051546393,2016,UK
1996,20,0.031914893617021274,2016,UK
1995,21,0.03296703296703297,2016,UK
1994,22,0.034482758620689655,2016,UK
1993,23,0.03614457831325301,2016,UK
1992,24,0.05063291139240507,2016,UK
1991,25,0.05405405405405403,2016,UK
1990,26,0.058823529411764684,2016,UK
1989,27,0.06349206349206346,2016,UK
1988,28,0.07017543859649118,2016,UK
1987,29,0.07692307692307698,2016,UK
1986,30,0.10416666666666653,2016,UK
1985,31,0.09302325581395356,2016,UK
1984,32,0.10526315789473693,2016,UK
1983,33,0.1176470588235292,2016,UK
1982,34,0.10344827586206905,2016,UK
1981,35,0.11538461538461549,2016,UK
1980,36,0.08333333333333341,2016,UK
1979,37,0.090909090909091,2016,UK
1978,38,0.04761904761904767,2016,UK
1977,39,0.05000000000000006,2016,UK
1976,40,0.0,2016,UK
1975,41,0.0,2016,UK
1974,42,0.0526315789473679,2016,UK
1973,43,0.0,2016,UK
1972,44,0.0,2016,UK
2001,16,0.0,2017,UK
2000,17,0.010101010101010102,2017,UK
1999,18,0.01020408163265306,2017,UK
1998,19,0.02061855670103093,2017,UK
1997,20,0.021276595744680857,2017,UK
1996,21,0.03296703296703297,2017,UK
1995,22,0.03409090909090909,2017,UK
1994,23,0.03571428571428571,2017,UK
1993,24,0.0375,2017,UK
1992,25,0.040000000000000036,2017,UK
1991,26,0.0571428571428572,2017,UK
1990,27,0.06250000000000006,2017,UK
1989,28,0.08474576271186447,2017,UK
1988,29,0.09433962264150951,2017,UK
1987,30,0.10416666666666653,2017,UK
1986,31,0.09302325581395356,2017,UK
1985,32,0.10256410256410266,2017,UK
1984,33,0.08823529411764681,2017,UK
1983,34,0.10000000000000007,2017,UK
1982,35,0.07692307692307698,2017,UK
1981,36,0.08695652173913052,2017,UK
1980,37,0.090909090909091,2017,UK
1979,38,0.05000000000000006,2017,UK
1978,39,0.05000000000000006,2017,UK
1977,40,0.0526315789473679,2017,UK
1976,41,0.0526315789473679,2017,UK
1975,42,0.0,2017,UK
1974,43,0.0,2017,UK
1973,44,0.0,2017,UK
2002,16,0.0,2018,UK
2001,17,0.01,2018,UK
2000,18,0.01020408163265306,2018,UK
1999,19,0.02061855670103093,2018,UK
1998,20,0.031578947368421054,2018,UK
1997,21,0.03260869565217391,2018,UK
1996,22,0.02272727272727275,2018,UK
1995,23,0.03529411764705882,2018,UK
1994,24,0.037037037037037035,2018,UK
1993,25,0.05194805194805196,2018,UK
1992,26,0.05555555555555553,2018,UK
1991,27,0.06060606060606058,2018,UK
1990,28,0.06666666666666664,2018,UK
1989,29,0.07407407407407403,2018,UK
1988,30,0.08333333333333341,2018,UK
1987,31,0.09302325581395356,2018,UK
1986,32,0.10256410256410266,2018,UK
1985,33,0.11428571428571407,2018,UK
1984,34,0.09677419354838716,2018,UK
1983,35,0.07407407407407414,2018,UK
1982,36,0.08333333333333341,2018,UK
1981,37,0.04761904761904767,2018,UK
1980,38,0.05000000000000006,2018,UK
1979,39,0.0526315789473679,2018,UK
1978,40,0.0526315789473679,2018,UK
1977,41,0.05555555555555559,2018,UK
1976,42,0.0,2018,UK
1975,43,0.0526315789473679,2018,UK
1974,44,0.0,2018,UK
2003,16,0.0,2019,UK
2002,17,0.01,2019,UK
2001,18,0.0202020202020202,2019,UK
2000,19,0.02061855670103093,2019,UK
1999,20,0.031578947368421054,2019,UK
1998,21,0.03260869565217391,2019,UK
1997,22,0.03370786516853934,2019,UK
1996,23,0.03488372093023256,2019,UK
1995,24,0.036585365853658534,2019,UK
1994,25,0.03846153846153846,2019,UK
1993,26,0.05479452054794518,2019,UK
1992,27,0.058823529411764684,2019,UK
1991,28,0.06451612903225803,2019,UK
1990,29,0.08928571428571426,2019,UK
1989,30,0.10000000000000009,2019,UK
1988,31,0.09090909090909075,2019,UK
1987,32,0.10256410256410266,2019,UK
1986,33,0.11428571428571407,2019,UK
1985,34,0.09677419354838716,2019,UK
1984,35,0.10714285714285723,2019,UK
1983,36,0.08000000000000007,2019,UK
1982,37,0.090909090909091,2019,UK
1981,38,0.09999999999999956,2019,UK
1980,39,0.0526315789473679,2019,UK
1979,40,0.05555555555555559,2019,UK
1978,41,0.05555555555555559,2019,UK
1977,42,0.0,2019,UK
1976,43,0.0,2019,UK
1975,44,0.0,2019,UK
2004,16,0.0,2020,UK
2003,17,0.01,2020,UK
2002,18,0.010101010101010102,2020,UK
2001,19,0.02061855670103093,2020,UK
2000,20,0.021052631578947375,2020,UK
1999,21,0.02173913043478261,2020,UK
1998,22,0.022471910112359553,2020,UK
1997,23,0.03488372093023256,2020,UK
1996,24,0.03614457831325301,2020,UK
1995,25,0.05063291139240507,2020,UK
1994,26,0.05333333333333331,2020,UK
1993,27,0.057971014492753596,2020,UK
1992,28,0.06250000000000006,2020,UK
1991,29,0.06896551724137936,2020,UK
1990,30,0.07843137254901968,2020,UK
1989,31,0.08888888888888873,2020,UK
1988,32,0.10000000000000009,2020,UK
1987,33,0.11428571428571407,2020,UK
1986,34,0.09677419354838716,2020,UK
1985,35,0.07142857142857148,2020,UK
1984,36,0.08000000000000007,2020,UK
1983,37,0.08695652173913052,2020,UK
1982,38,0.05000000000000006,2020,UK
1981,39,0.05555555555555559,2020,UK
1980,40,0.05555555555555559,2020,UK
1979,41,0.0,2020,UK
1978,42,0.0,2020,UK
1977,43,0.0,2020,UK
1976,44,0.0,2020,UK
2005,16,0.0,2021,UK
2004,17,0.01,2021,UK
2003,18,0.010101010101010102,2021,UK
2002,19,0.020408163265306124,2021,UK
2001,20,0.021052631578947375,2021,UK
2000,21,0.03225806451612903,2021,UK
1999,22,0.03333333333333333,2021,UK
1998,23,0.034482758620689655,2021,UK
1997,24,0.03614457831325301,2021,UK
1996,25,0.049999999999999975,2021,UK
1995,26,0.040000000000000036,2021,UK
1994,27,0.056338028169014134,2021,UK
1993,28,0.06153846153846159,2021,UK
1992,29,0.08333333333333331,2021,UK
1991,30,0.09259259259259256,2021,UK
1990,31,0.10638297872340412,2021,UK
1989,32,0.09756097560975617,2021,UK
1988,33,0.11111111111111122,2021,UK
1987,34,0.09677419354838716,2021,UK
1986,35,0.07142857142857148,2021,UK
1985,36,0.07692307692307698,2021,UK
1984,37,0.08695652173913052,2021,UK
1983,38,0.04761904761904767,2021,UK
1982,39,0.0526315789473679,2021,UK
1981,40,0.0,2021,UK
1980,41,0.05882352941176475,2021,UK
1979,42,0.05882352941176475,2021,UK
1978,43,0.0,2021,UK
1977,44,0.0,2021,UK
2006,16,0.0,2022,UK
2005,17,0.01,2022,UK
2004,18,0.010101010101010102,2022,UK
2003,19,0.020408163265306124,2022,UK
2002,20,0.020833333333333332,2022,UK
2001,21,0.021505376344086013,2022,UK
2000,22,0.02222222222222221,2022,UK
1999,23,0.022988505747126426,2022,UK
1998,24,0.03571428571428571,2022,UK
1997,25,0.0375,2022,UK
1996,26,0.03947368421052635,2022,UK
1995,27,0.05555555555555553,2022,UK
1994,28,0.05970149253731341,2022,UK
1993,29,0.06557377049180324,2022,UK
1992,30,0.07272727272727268,2022,UK
1991,31,0.08163265306122457,2022,UK
1990,32,0.09523809523809532,2022,UK
1989,33,0.10810810810810821,2022,UK
1988,34,0.09374999999999975,2022,UK
1987,35,0.07142857142857148,2022,UK
1986,36,0.07692307692307698,2022,UK
1985,37,0.08333333333333341,2022,UK
1984,38,0.04761904761904767,2022,UK
1983,39,0.05000000000000006,2022,UK
1982,40,0.05555555555555559,2022,UK
1981,41,0.05882352941176475,2022,UK
1980,42,0.0,2022,UK
1979,43,0.0,2022,UK
1978,44,0.0,2022,UK
2007,16,0.0,2023,UK
2006,17,0.01,2023,UK
2005,18,0.010101010101010102,2023,UK
2004,19,0.020408163265306124,2023,UK
2003,20,0.020833333333333332,2023,UK
2002,21,0.021276595744680857,2023,UK
2001,22,0.021978021978021983,2023,UK
2000,23,0.03409090909090909,2023,UK
1999,24,0.03529411764705882,2023,UK
1998,25,0.037037037037037035,2023,UK
1997,26,0.05194805194805196,2023,UK
1996,27,0.05479452054794518,2023,UK
1995,28,0.07352941176470587,2023,UK
1994,29,0.07936507936507935,2023,UK
1993,30,0.087719298245614,2023,UK
1992,31,0.09803921568627459,2023,UK
1991,32,0.08888888888888873,2023,UK
1990,33,0.10526315789473693,2023,UK
1989,34,0.09090909090909066,2023,UK
1988,35,0.10344827586206905,2023,UK
1987,36,0.07692307692307698,2023,UK
1986,37,0.08333333333333341,2023,UK
1985,38,0.0454545454545455,2023,UK
1984,39,0.05000000000000006,2023,UK
1983,40,0.0526315789473679,2023,UK
1982,41,0.05882352941176475,2023,UK
1981,42,0.0,2023,UK
1980,43,0.0,2023,UK
1979,44,0.0,2023,UK
2008,16,0.0,2024,UK
2007,17,0.01,2024,UK
2006,18,0.010101010101010102,2024,UK
2005,19,0.020408163265306124,2024,UK
2004,20,0.020833333333333332,2024,UK
2003,21,0.021276595744680857,2024,UK
2002,22,0.03260869565217391,2024,UK
2001,23,0.03370786516853934,2024,UK
2000,24,0.03529411764705882,2024,UK
1999,25,0.036585365853658534,2024,UK
1998,26,0.05128205128205129,2024,UK
1997,27,0.04109589041095887,2024,UK
1996,28,0.07246376811594202,2024,UK
1995,29,0.06349206349206346,2024,UK
1994,30,0.06896551724137936,2024,UK
1993,31,0.07692307692307698,2024,UK
1992,32,0.08695652173913028,2024,UK
1991,33,0.09756097560975617,2024,UK
1990,34,0.08823529411764681,2024,UK
1989,35,0.06666666666666672,2024,UK
1988,36,0.07692307692307698,2024,UK
1987,37,0.08333333333333341,2024,UK
1986,38,0.0454545454545455,2024,UK
1985,39,0.04761904761904767,2024,UK
1984,40,0.0526315789473679,2024,UK
1983,41,0.0,2024,UK
1982,42,0.0,2024,UK
1981,43,0.0,2024,UK
1980,44,0.0,2024,UK
